Keyword,Currency,Avg. monthly searches,Three month change,YoY change,Competition,Competition (indexed value),Top of page bid (low range),Top of page bid (high range),Ad impression share,Organic impression share,Organic average position,In account?,In plan?,Searches: Sep 2025,Searches: Oct 2025,Searches: Nov 2025,Searches: Dec 2025,Searches: Jan 2026,Searches: Feb 2026,Searches: Mar 2026,Searches: Apr 2026,Searches: May 2026,Searches: Jun 2026,Searches: Jul 2026,Searches: Aug 2026
xác minh maps,VND,40,-50%,-33%,Low,18,4957,9943,,,,,,50,20,30,20,50,10,40,40,70,40,50,20
xác minh doanh nghiệp trên google map,VND,110,0%,-85%,Low,30,3961,10141,,,,,,210,170,90,90,110,90,140,70,90,70,110,70
dịch vụ xác minh google map,VND,880,-64%,-56%,Low,8,8415,16807,,,,,,590,720,720,1600,1600,880,1600,1000,1000,880,480,320
xác minh google map,VND,390,0%,50%,Low,16,3986,9966,,,,,,140,1300,320,720,320,140,260,210,210,210,210,210
cách xác minh doanh nghiệp trên google map,VND,20,200%,0%,Low,15,299,9953,,,,,,30,20,30,20,20,10,20,20,20,10,20,30
cách xác minh google map,VND,30,67%,400%,Low,12,299,9969,,,,,,10,70,20,30,30,10,70,10,10,30,50,50
cách xác minh google map nhanh nhất,VND,10,0%,0%,Low,27,,,,,,,,10,10,10,10,10,10,10,10,10,10,20,10
cách xác minh địa chỉ google map,VND,10,∞,0%,High,71,,,,,,,,0,10,10,10,10,10,0,0,10,0,20,10
cách xác minh địa điểm trên google map,VND,10,0%,0%,Low,13,,,,,,,,10,10,10,20,10,10,30,10,10,10,20,10
dịch vụ xác minh doanh nghiệp google,VND,10,0%,-50%,Medium,50,8006,14913,,,,,,10,10,10,10,20,10,20,20,20,10,10,10
dịch vụ xác minh google business,VND,10,-100%,-100%,Unknown,,,,,,,,,30,10,10,10,10,10,10,10,10,10,10,0
dịch vụ xác minh map maxlike,VND,0,0%,0%,Unknown,,,,,,,,,0,0,0,0,0,0,0,0,0,0,0,0
dịch vụ xác minh vị trí google map,VND,10,-100%,0%,Unknown,,,,,,,,,0,0,0,10,0,0,10,10,10,10,20,0
hướng dẫn xác minh google map,VND,10,0%,0%,Low,7,,,,,,,,10,10,10,10,10,10,10,10,10,10,20,10
phần mềm xác minh google maps,VND,10,0%,-100%,Unknown,,,,,,,,,0,0,0,0,10,0,0,0,0,0,0,0
xac minh google map,VND,390,0%,50%,Low,16,3986,9966,,,,,,140,1300,320,720,320,140,260,210,210,210,210,210
xac minh map,VND,40,-50%,-33%,Low,18,4957,9943,,,,,,50,20,30,20,50,10,40,40,70,40,50,20
xác minh doanh nghiệp google,VND,20,-33%,100%,Low,7,,,,,,,,20,20,30,10,10,10,30,40,20,30,20,20
xác minh doanh nghiệp google map,VND,10,0%,0%,Low,29,,,,,,,,10,10,10,10,10,20,20,10,30,10,40,10
xác minh google business,VND,10,0%,0%,Low,12,,,,,,,,10,10,10,10,10,10,10,10,10,10,20,10
xác minh google doanh nghiệp,VND,10,0%,-100%,Unknown,,,,,,,,,10,0,10,10,10,10,10,10,10,0,10,0
xác minh map google,VND,10,∞,0%,Medium,50,,,,,,,,0,0,10,10,10,10,10,0,10,0,20,10
xác minh vị trí google map,VND,10,0%,0%,Medium,64,,,,,,,,10,10,10,10,10,10,20,10,10,10,20,10
xác minh địa chỉ google map,VND,10,0%,0%,Medium,39,,,,,,,,10,10,10,0,10,10,10,10,10,10,20,10
xác minh địa điểm trên google map,VND,10,-50%,0%,Low,10,,,,,,,,10,10,10,20,10,10,20,10,10,20,20,10
earth google,VND,2900,-34%,0%,Low,0,773,3898,,,,,,2400,2400,2400,1900,2400,1600,6600,2900,2400,2900,2400,1900
bản đồ,VND,90500,0%,0%,Low,16,349,1345,,,,,,90500,90500,90500,90500,74000,74000,90500,90500,90500,90500,90500,90500
ban do,VND,9900,0%,-18%,Low,5,425,1560,,,,,,9900,12100,9900,9900,8100,6600,9900,9900,8100,8100,8100,8100
maps google maps,VND,2900,0%,0%,Low,1,16,1083,,,,,,2400,2400,2400,2900,2900,2400,3600,2900,3600,2400,2400,2400
vị trí của tôi,VND,60500,-33%,22%,Low,2,304,1274,,,,,,40500,40500,40500,40500,40500,60500,74000,74000,90500,90500,74000,60500
maps go,VND,590,0%,-18%,Low,1,599,1690,,,,,,720,720,720,720,720,390,720,590,590,590,720,590
google maps google maps,VND,480,-19%,-33%,Low,4,203,1040,,,,,,320,480,590,590,590,590,590,590,480,320,320,260
google google maps,VND,110000,0%,22%,Low,1,99,662,,,,,,90500,90500,90500,110000,90500,74000,110000,110000,110000,110000,110000,110000
xác định vị trí số điện thoại trên bản đồ,VND,1000,81%,1606%,Low,0,,,,,,,,210,110,70,210,320,590,1300,1300,1900,1600,1900,2900
vị trí,VND,40500,0%,0%,Low,4,502,1407,,,,,,40500,40500,33100,40500,33100,33100,40500,40500,40500,40500,33100,40500
seo google maps,VND,3600,0%,-89%,Medium,45,7769,32473,,,,,,480,390,9900,14800,12100,210,480,260,260,210,260,210
tạo doanh nghiệp trên google map,VND,140,50%,0%,Low,7,1738,3991,,,,,,140,140,110,110,140,70,70,90,140,140,140,210
tạo địa điểm doanh nghiệp trên google map,VND,10,0%,-67%,Low,12,,,,,,,,20,20,10,10,10,10,10,10,10,10,10,10
vị trí hiện tại,VND,33100,-18%,49%,Low,2,260,1056,,,,,,27100,22200,22200,22200,22200,33100,33100,33100,33100,49500,49500,40500
mua review google,VND,70,-71%,0%,Low,16,5078,13114,,,,,,50,50,70,40,50,40,70,50,70,170,170,50
xác định vị trí hiện tại của tôi,VND,2900,26%,-64%,Low,2,520,1430,,,,,,6600,4400,2900,2400,2400,2900,2900,1900,1600,1900,1900,2400
dịch vụ google map,VND,4400,0%,-32%,Low,12,7109,14895,,,,,,1900,1000,9900,14800,14800,1300,1600,1300,1000,880,1000,880
bản đồ định vị,VND,720,0%,-41%,Low,16,520,1820,,,,,,880,880,880,720,590,590,720,720,590,590,590,590
tạo google map cho doanh nghiệp,VND,90,0%,29%,Low,9,487,4815,,,,,,70,90,90,110,70,50,90,70,90,90,90,90
đăng ký doanh nghiệp trên google map,VND,30,50%,0%,Low,10,,,,,,,,30,40,30,30,30,10,30,40,30,20,40,30
đăng ký địa chỉ trên google map,VND,260,-18%,-18%,Low,13,298,3979,,,,,,140,1000,170,140,140,110,170,210,170,170,140,140
cách đăng ký địa chỉ trên google map,VND,140,0%,21%,Low,11,298,696,,,,,,110,170,70,140,170,140,140,140,140,170,170,170
cách định vị vị trí,VND,390,0%,-46%,Low,29,530,2339,,,,,,590,590,480,480,390,390,390,320,320,320,320,320
vị trí hiện tại của tôi,VND,40500,82%,232%,Low,2,432,1300,,,,,,27100,22200,18100,18100,22200,33100,40500,40500,49500,60500,74000,110000
ban đồ,VND,1600,-19%,-32%,Low,9,398,1300,,,,,,1600,1600,1600,1300,1300,1300,1600,1600,1600,1600,1600,1300
xác định vị trí số điện thoại trên google map,VND,1000,0%,-69%,Medium,60,1990,7649,,,,,,1900,1600,1300,1000,880,720,880,720,720,590,590,590
bản đồ vị trí,VND,1900,0%,19%,Low,6,520,2080,,,,,,1600,2400,2400,2400,1900,1900,2400,2400,2400,1900,1900,1900
dịch vụ xác minh google map,VND,880,-64%,-56%,Low,8,8415,16807,,,,,,590,720,720,1600,1600,880,1600,1000,1000,880,480,320
tạo địa chỉ trên google map,VND,260,0%,0%,Low,6,297,697,,,,,,260,260,210,210,210,210,260,260,320,320,320,320
tạo địa điểm trên google map,VND,390,0%,-19%,Low,4,100,3958,,,,,,390,320,260,390,320,260,320,390,390,390,320,390
cách tạo google map cho doanh nghiệp,VND,90,-18%,-18%,Low,16,298,4974,,,,,,110,110,110,70,110,50,110,110,90,110,90,90
định vị bản đồ,VND,390,-19%,85%,Low,10,520,1764,,,,,,320,320,260,320,320,320,390,390,480,590,480,480
đăng ký doanh nghiệp trên google,VND,10,0%,0%,Medium,38,,,,,,,,10,10,10,10,20,10,10,10,10,10,10,10
cách tạo địa chỉ trên google map,VND,480,23%,-19%,Low,8,297,696,,,,,,480,480,390,390,390,390,480,480,390,390,480,480
thêm doanh nghiệp vào google map,VND,40,175%,450%,Low,6,696,7132,,,,,,20,20,20,20,50,30,70,50,40,40,30,110
xác minh google map,VND,390,0%,50%,Low,16,3986,9966,,,,,,140,1300,320,720,320,140,260,210,210,210,210,210
tạo google map doanh nghiệp,VND,50,0%,0%,Low,10,328,4373,,,,,,50,50,40,40,70,30,50,40,50,50,70,50
dịch vụ làm google map,VND,30,0%,100%,Medium,55,6927,21004,,,,,,10,50,20,40,40,20,20,20,20,20,30,20
dich vu google map,VND,20,0%,-75%,Low,19,,,,,,,,40,20,20,30,30,20,30,20,20,10,30,10
cách tạo doanh nghiệp trên google map,VND,40,25%,150%,Low,10,299,697,,,,,,50,30,30,30,40,20,50,50,50,40,30,50
đăng ký google map cho doanh nghiệp,VND,40,0%,-25%,Low,17,824,6691,,,,,,30,40,50,30,40,50,30,40,40,30,30,30
dịch vụ xác minh map,VND,110,22%,120%,Low,13,6444,13946,,,,,,390,90,70,70,110,70,90,90,110,90,90,110
đánh giá google maps,VND,880,22%,22%,Low,5,5560,9309,,,,,,590,720,720,1000,590,590,1600,880,880,720,720,880
dịch vụ map,VND,10,-33%,-33%,Low,28,4386,13914,,,,,,30,20,10,20,10,10,10,10,20,30,10,20
dịch vụ đánh giá google maps,VND,880,0%,0%,Low,7,4879,13914,,,,,,1000,720,880,1000,720,720,1300,1000,720,880,720,880
cách đăng ký địa chỉ doanh nghiệp trên google map,VND,10,0%,-67%,Low,18,,,,,,,,20,10,10,10,10,10,10,10,10,10,10,10
review google map,VND,480,156%,156%,Low,4,7037,10229,,,,,,390,390,320,390,390,260,390,590,590,390,880,1000
dịch vụ đánh giá google,VND,40,33%,-64%,Low,15,7037,13881,,,,,,40,40,40,30,30,20,40,40,40,30,20,40
đánh giá map,VND,140,433%,182%,Low,5,6818,8651,,,,,,110,110,110,110,70,50,90,90,110,90,90,480
dịch vụ review google map,VND,210,-46%,-46%,Low,10,6820,13888,,,,,,320,320,260,390,260,90,210,260,170,260,210,140
đưa doanh nghiệp lên google,VND,10,0%,0%,Low,29,,,,,,,,10,10,10,10,10,10,10,10,10,10,10,10
tạo vị trí trên google map,VND,210,0%,24%,Low,3,245,328,,,,,,170,140,210,210,210,170,210,260,210,260,210,260
tăng đánh giá google map,VND,320,85%,85%,Low,8,7035,13868,,,,,,390,390,390,210,320,140,590,170,140,260,140,480
đăng ký google map,VND,260,-19%,-19%,Low,14,2429,4378,,,,,,260,390,320,210,170,110,210,260,260,260,260,210
cách tạo địa điểm trên google map bằng điện thoại,VND,480,0%,-34%,Low,1,,,,,,,,480,480,390,480,480,320,390,590,480,390,390,390
dịch vụ đánh giá 5 sao google map,VND,20,67%,150%,Low,9,5870,12628,,,,,,10,10,30,10,10,10,20,20,30,30,40,50
review map,VND,1900,400%,511%,Low,6,6556,12161,,,,,,590,1300,1600,2900,1600,880,1900,1000,1000,880,3600,4400
dịch vụ đánh giá 5 sao google,VND,20,-67%,-67%,Low,17,,,,,,,,30,30,30,10,40,10,20,30,30,30,30,10
review maps,VND,1900,400%,511%,Low,6,6556,12161,,,,,,590,1300,1600,2900,1600,880,1900,1000,1000,880,3600,4400
đăng ký địa chỉ doanh nghiệp trên google map,VND,10,0%,0%,Low,0,,,,,,,,20,10,10,10,10,10,10,10,10,10,10,10
đánh giá google,VND,390,0%,-18%,Low,2,7617,11841,,,,,,390,390,720,320,320,170,260,320,320,320,390,320
google đánh giá,VND,140,21%,0%,Low,0,,,,,,,,140,170,170,140,140,110,110,140,140,140,170,170
đánh giá trên google map,VND,140,-18%,27%,Low,4,694,11836,,,,,,140,90,90,110,110,90,110,110,170,170,170,140
dịch vụ tăng review google,VND,10,-100%,-100%,Unknown,,,,,,,,,10,10,10,10,10,10,10,10,10,10,10,0
đăng ký vị trí trên google map,VND,90,29%,-18%,Low,11,132,697,,,,,,90,50,90,110,70,90,110,90,110,70,50,90
cách đăng ký google map cho doanh nghiệp,VND,20,0%,-33%,Low,16,253,697,,,,,,20,10,20,10,10,20,30,30,30,20,10,20
đánh giá địa điểm trên google map,VND,20,50%,50%,Low,1,,,,,,,,30,20,10,20,20,20,10,20,20,20,20,30
cách đánh giá google map,VND,40,0%,0%,Low,0,,,,,,,,50,40,30,40,40,30,40,40,40,50,70,50
đánh giá trên google,VND,110,22%,-21%,Low,1,,,,,,,,140,140,110,140,90,90,110,90,90,90,110,110
tăng review google map,VND,40,0%,100%,Low,11,3984,8733,,,,,,20,50,30,40,30,50,30,50,90,40,70,40
dịch vụ seo google map,VND,590,22%,-46%,Low,12,9920,43186,,,,,,390,720,880,1000,1000,720,880,390,480,320,390,390
đánh giá 5 sao trên google map,VND,40,-29%,0%,Low,7,,,,,,,,50,40,40,70,20,10,40,40,30,70,50,50
mua đánh giá google map,VND,210,-19%,53%,Low,16,5769,13888,,,,,,110,110,110,260,210,140,260,210,210,320,320,260
cách đánh giá trên google map,VND,210,0%,52%,Low,1,,,,,,,,260,170,170,210,170,170,210,170,210,320,320,320
cách đăng ký doanh nghiệp trên google map,VND,10,-50%,0%,Low,6,,,,,,,,10,10,10,10,10,10,10,10,10,20,10,10
xác minh địa điểm trên google map,VND,10,-50%,0%,Low,10,,,,,,,,10,10,10,20,10,10,20,10,10,20,20,10
mua đánh giá 5 sao google map,VND,20,67%,67%,Low,9,5769,13927,,,,,,30,10,10,20,50,10,20,30,10,30,30,50
xóa đánh giá trên google map,VND,40,-40%,-25%,Low,2,,,,,,,,40,70,70,30,30,20,50,40,40,50,30,30
đánh giá sao trên google,VND,20,-60%,0%,Low,3,,,,,,,,20,20,30,10,10,10,20,20,40,50,30,20
mua đánh giá google,VND,110,-36%,-47%,Low,20,4960,13901,,,,,,110,110,140,90,90,70,70,90,110,140,210,90
cách đánh giá sao trên google map,VND,20,33%,300%,Low,0,,,,,,,,30,10,20,10,20,10,20,10,10,30,40,40
tạo google map,VND,260,-19%,24%,Low,4,2920,4364,,,,,,210,260,210,260,320,140,260,260,320,320,260,260
in bản đồ,VND,90,175%,57%,Low,13,3968,5377,,,,,,70,70,30,70,40,70,70,70,70,40,320,110
tạo gg map,VND,260,-19%,24%,Low,4,2920,4364,,,,,,210,260,210,260,320,140,260,260,320,320,260,260
bản đồ map,VND,880,0%,14%,Low,4,500,1824,,,,,,720,880,880,880,880,720,1000,1000,1000,1000,1000,1000
cách xoá đánh giá trên google map,VND,90,-47%,29%,Low,0,,,,,,,,70,110,90,90,90,50,90,110,90,170,110,90
cách tạo địa điểm trên google map,VND,260,0%,0%,Low,2,297,666,,,,,,260,260,210,210,260,210,260,320,210,320,320,320
cách xóa đánh giá trên google map,VND,90,-47%,29%,Low,0,,,,,,,,70,110,90,90,90,50,90,110,90,170,110,90
dịch vụ xác minh doanh nghiệp google,VND,10,0%,-50%,Medium,50,8006,14913,,,,,,10,10,10,10,20,10,20,20,20,10,10,10
địa chỉ google map,VND,90,0%,22%,Low,2,,,,,,,,70,90,110,90,90,70,70,90,90,110,110,110
đánh giá địa điểm,VND,10,0%,-67%,Low,14,,,,,,,,10,20,10,10,10,10,10,10,10,10,10,10
tạo map google,VND,30,-25%,50%,Low,1,,,,,,,,20,20,10,30,30,30,40,30,40,40,40,30
cách đưa địa chỉ cửa hàng lên google map,VND,10,0%,0%,Low,17,,,,,,,,10,10,10,10,10,10,10,20,10,10,10,10
xóa google map,VND,40,40%,-22%,Low,3,,,,,,,,40,20,10,30,40,10,30,50,50,50,40,70
cách đưa địa chỉ công ty lên google map,VND,10,0%,0%,Medium,43,,,,,,,,10,10,10,10,10,10,10,10,10,10,10,10
cách đặt vị trí cửa hàng trên google map,VND,10,0%,0%,Low,10,,,,,,,,10,10,10,10,10,10,10,20,10,10,10,10
google maps google maps google,VND,10,-100%,-100%,Unknown,,,,,,,,,10,10,10,0,10,10,10,10,10,10,10,0
địa điểm trên google map,VND,10,0%,0%,Low,0,,,,,,,,10,20,10,10,10,10,10,10,10,10,10,10
sử dụng google map hiệu quả,VND,10,0%,0%,Low,0,,,,,,,,20,10,10,10,10,10,10,10,10,10,10,10
cách đưa thông tin lên google map,VND,10,0%,0%,Low,0,,,,,,,,10,10,10,10,10,10,10,10,10,10,10,10
cách đưa vị trí quán lên google map,VND,20,100%,100%,Low,9,,,,,,,,20,10,20,10,10,10,40,40,20,10,10,20
cách đăng ký địa chỉ google map,VND,10,-50%,0%,Low,8,,,,,,,,10,10,10,10,10,10,10,20,10,20,10,10
google maps bản đồ,VND,170,23%,357%,Low,1,,,,,,,,50,70,90,110,140,170,210,210,260,260,260,320
tạo 1 địa điểm trên google map,VND,10,0%,0%,Low,10,,,,,,,,10,10,10,10,10,10,10,10,10,10,10,10
cách tạo địa chỉ doanh nghiệp trên google map,VND,10,0%,-50%,Low,5,,,,,,,,20,10,10,10,20,10,10,10,10,10,10,10
đưa cửa hàng lên google map,VND,20,0%,0%,Low,13,,,,,,,,30,10,20,10,10,10,20,30,20,20,20,20
tạo một địa điểm trên google map,VND,10,0%,0%,Low,14,,,,,,,,10,10,10,10,10,10,10,10,10,10,10,10
đưa địa chỉ doanh nghiệp lên google maps,VND,10,0%,-50%,Low,4,,,,,,,,10,10,10,10,10,10,10,10,10,10,10,10
cách làm google map,VND,40,75%,0%,Low,9,298,697,,,,,,50,50,40,40,30,20,50,70,50,40,30,70
đưa địa chỉ nhà lên google map,VND,20,50%,50%,Low,1,,,,,,,,10,20,20,20,20,20,20,20,20,20,20,30
dịch vụ seo map,VND,170,0%,-72%,Low,14,9968,32731,,,,,,480,170,210,260,110,90,140,90,110,110,140,110
cách đưa địa chỉ doanh nghiệp lên google map,VND,10,0%,-67%,Low,14,,,,,,,,20,10,20,10,10,10,10,10,10,10,10,10
cập nhật địa chỉ trên google map,VND,50,-57%,-57%,Low,1,,,,,,,,50,50,40,50,50,40,50,70,40,70,50,30
tạo địa điểm cửa hàng trên google map,VND,10,-100%,-100%,Unknown,,,,,,,,,10,10,10,10,10,10,10,10,10,10,10,0
cách hiển thị tên cửa hàng trên google map,VND,10,0%,0%,Low,7,,,,,,,,10,10,20,10,10,10,10,10,10,10,20,10
cách đăng ký địa chỉ cửa hàng trên google map,VND,10,0%,0%,Low,19,,,,,,,,10,10,10,10,10,10,10,10,10,10,10,10
bản đồ google maps,VND,2400,22%,238%,Low,2,514,1879,,,,,,1300,1600,1900,1900,1900,1900,2400,2900,3600,3600,3600,4400
sử dụng google maps,VND,70,-29%,-29%,Low,5,60,2339,,,,,,90,70,70,70,90,70,70,70,50,70,50,50
google maps 5,VND,10,0%,-50%,Low,0,,,,,,,,20,10,10,10,10,10,10,10,10,10,10,10
cách thêm địa chỉ cửa hàng trên google map,VND,10,0%,0%,Low,19,298,697,,,,,,10,10,10,10,10,10,30,10,10,10,10,10
cách tạo google map,VND,170,0%,21%,Low,7,297,695,,,,,,210,210,170,170,140,90,170,170,210,170,140,170
cách đăng ký địa điểm trên google maps,VND,90,22%,22%,Low,9,298,696,,,,,,70,70,90,70,70,70,110,90,70,90,90,110
cách đưa địa chỉ quán lên google map,VND,10,0%,0%,Low,6,,,,,,,,10,10,10,10,20,10,10,10,10,10,20,10
thay đổi địa điểm trên google map,VND,10,0%,0%,Low,1,,,,,,,,10,10,10,10,10,10,10,10,10,10,10,10
cập nhật vị trí trên google map,VND,30,0%,0%,Low,1,,,,,,,,20,30,30,30,40,30,50,30,30,20,20,20
cách đăng ký địa điểm trên google map,VND,90,22%,22%,Low,9,298,696,,,,,,70,70,90,70,70,70,110,90,70,90,90,110
tạo địa chỉ cửa hàng trên google map,VND,10,0%,0%,Low,9,,,,,,,,10,10,10,10,10,10,10,20,10,10,10,10
tạo địa điểm google maps,VND,40,50%,-25%,Low,7,,,,,,,,30,50,50,40,40,40,40,30,40,20,40,30
cách sử dụng google map hiệu quả nhất,VND,10,0%,0%,Low,0,,,,,,,,10,10,10,10,10,10,10,20,30,10,10,10
dùng google map,VND,40,0%,0%,Low,0,,,,,,,,50,30,30,40,50,20,40,30,50,40,40,40
trên google maps,VND,50,0%,0%,Low,0,,,,,,,,40,50,40,30,40,50,40,50,70,70,90,70
cách làm định vị cửa hàng trên google map,VND,10,0%,0%,Low,20,,,,,,,,10,10,10,10,10,10,10,10,0,10,10,10
địa chỉ trên google map,VND,10,100%,300%,Low,0,,,,,,,,10,10,10,10,10,10,20,10,20,20,20,40
cách tạo 1 địa điểm trên google map,VND,10,-50%,0%,Low,5,,,,,,,,10,20,10,20,20,10,10,10,10,20,10,10
cách tạo một địa điểm trên google map,VND,10,-50%,0%,Low,11,,,,,,,,10,10,10,10,10,10,10,10,10,20,10,10
vị trí google map,VND,260,0%,179%,Low,3,520,2080,,,,,,170,170,170,170,210,170,260,320,320,390,480,390
cách hiển thị cửa hàng trên google map,VND,10,0%,0%,Low,0,,,,,,,,10,10,10,10,10,10,10,10,10,10,10,10
google bản đồ,VND,260,0%,0%,Low,2,762,2339,,,,,,210,210,210,390,210,210,210,260,260,260,260,260
cách cập nhật địa chỉ trên google map,VND,70,0%,-22%,Low,1,,,,,,,,90,70,90,70,50,40,50,70,50,70,70,70
cách hiện tên trên google map,VND,10,0%,0%,Low,0,,,,,,,,10,10,10,10,10,10,10,10,0,10,10,10
cách đưa địa chỉ lên google maps,VND,70,-29%,-44%,Low,10,326,696,,,,,,50,70,50,90,70,70,90,110,70,70,50,50
đăng địa điểm lên google map,VND,10,-100%,-100%,Unknown,,,,,,,,,10,10,10,10,10,10,10,10,10,10,10,0
cách đăng ký địa chỉ lên google map,VND,10,0%,0%,Low,15,,,,,,,,10,10,10,10,10,10,10,10,10,10,20,10
cách tạo vị trí trên google map,VND,260,50%,129%,Low,2,124,507,,,,,,140,170,210,260,210,260,210,260,260,260,320,390
cách thêm cửa hàng trên google map,VND,30,50%,-25%,Low,10,299,696,,,,,,20,30,40,40,20,20,20,20,30,20,30,30
cách cập nhật địa chỉ nhà trên google map,VND,10,0%,0%,Low,0,,,,,,,,10,10,20,10,10,20,30,20,10,10,10,10
cách đưa địa chỉ nhà lên google maps,VND,70,175%,0%,Low,1,,,,,,,,90,90,70,40,50,50,70,50,50,40,70,110
cách cập nhật địa điểm trên google map,VND,10,0%,0%,Low,4,,,,,,,,10,10,10,10,10,10,10,10,10,10,10,10
cách tạo địa chỉ google map,VND,20,-50%,0%,Low,4,,,,,,,,10,10,20,10,20,10,10,50,30,20,10,10
google maps 1,VND,10,0%,0%,Low,1,,,,,,,,10,10,10,10,10,10,10,10,10,10,10,10
cách để thêm địa điểm trên google map,VND,10,0%,0%,Low,6,,,,,,,,10,10,10,10,10,10,10,10,10,10,10,10
thay đổi vị trí trên google map,VND,30,-60%,-60%,Low,7,,,,,,,,40,30,20,30,30,20,10,30,30,50,30,20
cách đăng ký địa điểm kinh doanh trên google map,VND,10,0%,-50%,Low,17,,,,,,,,20,10,10,10,10,10,10,10,10,10,20,10
tạo địa chỉ google map,VND,50,29%,200%,Low,3,238,328,,,,,,30,30,10,20,70,70,70,70,70,70,70,90
đăng ký số nhà trên google map,VND,10,0%,0%,Low,0,,,,,,,,10,10,10,10,10,10,10,10,10,10,10,10
đưa địa chỉ công ty lên google map,VND,10,0%,0%,Low,14,,,,,,,,10,10,10,10,10,10,10,10,10,10,10,10
cách thêm nhà hàng vào google map,VND,10,0%,0%,Low,0,,,,,,,,10,10,10,10,10,10,10,10,10,10,10,10
cách thêm tên cửa hàng trên google map,VND,10,0%,0%,Low,19,,,,,,,,10,10,10,10,10,10,10,10,10,10,10,10
đăng địa chỉ lên google map,VND,10,0%,0%,Low,24,,,,,,,,10,10,10,10,10,10,10,10,10,10,10,10
địa điểm google map,VND,170,22%,457%,Low,0,,,,,,,,40,40,50,90,110,90,170,210,260,320,320,390
tạo địa chỉ trên bản đồ,VND,10,∞,0%,Low,14,,,,,,,,10,10,10,10,10,10,10,10,10,0,10,10
tạo vị trí google map,VND,30,-50%,0%,Low,3,,,,,,,,20,50,20,40,30,30,20,50,50,20,20,10
thay đổi địa chỉ trên google map,VND,20,-50%,-50%,Low,0,,,,,,,,20,20,20,20,10,10,20,20,20,20,20,10
thêm địa điểm trên google map,VND,210,0%,-19%,Low,6,297,666,,,,,,260,210,210,210,210,210,170,210,210,210,170,210
cách thay đổi vị trí của mình trên google map,VND,20,100%,100%,Low,1,,,,,,,,20,20,10,20,20,20,20,20,30,10,10,20
cách cài địa điểm trên google map,VND,10,0%,0%,Low,13,,,,,,,,20,20,10,10,10,10,20,20,10,20,10,20
cách làm địa chỉ trên google map,VND,40,-50%,-50%,Low,6,,,,,,,,30,50,50,40,20,30,50,50,40,40,30,20
cách sử dụng google map,VND,720,30%,120%,Low,1,102,1126,,,,,,480,390,320,320,480,590,720,880,1000,1000,1300,1300
đưa địa chỉ lên google map,VND,30,-33%,-60%,Low,17,168,3427,,,,,,40,30,50,40,20,20,40,30,40,30,40,20
cách hiển thị doanh nghiệp trên google map,VND,10,0%,0%,Low,0,,,,,,,,10,10,10,10,10,0,10,10,10,10,10,10
tạo địa chỉ doanh nghiệp trên google map,VND,10,0%,-50%,Low,9,,,,,,,,20,20,20,20,10,10,10,10,20,10,10,10
cách chỉnh vị trí trên google map,VND,20,0%,-33%,Low,2,,,,,,,,20,20,30,20,20,10,20,20,10,20,30,20
cách đưa vị trí cửa hàng lên google map,VND,20,150%,400%,Low,9,298,697,,,,,,10,10,10,10,20,10,10,10,30,20,30,50
hiện địa chỉ trên google map,VND,10,0%,0%,Low,2,,,,,,,,10,10,10,10,10,10,10,10,10,10,10,10
cách cài địa chỉ nhà trên google map,VND,20,100%,100%,Low,1,,,,,,,,10,20,10,10,10,20,20,10,20,10,20,20
cách thêm địa chỉ doanh nghiệp trên google map,VND,30,0%,100%,Low,3,,,,,,,,20,40,40,20,20,10,10,10,20,40,50,40
cách đăng ký tên cửa hàng trên google map,VND,10,0%,0%,Low,19,,,,,,,,10,10,10,10,10,10,10,10,10,10,10,10
cách đăng địa chỉ lên google map,VND,20,0%,-50%,Low,7,,,,,,,,20,20,20,30,20,20,30,20,20,20,20,20
cách đăng ký địa chỉ nhà trên google map,VND,40,-20%,33%,Low,0,,,,,,,,30,30,30,30,40,50,70,50,70,50,30,40
tạo map trên google,VND,30,50%,-40%,Low,6,,,,,,,,40,40,30,30,20,10,20,40,30,20,30,30
cách đặt tên cửa hàng trên google map,VND,10,-67%,-50%,Low,11,,,,,,,,10,10,10,10,10,10,10,10,10,30,10,10
cách cập nhật vị trí trên google map,VND,40,50%,0%,Low,2,,,,,,,,30,20,20,30,30,70,40,50,40,20,30,30
đăng ký địa điểm google map,VND,20,0%,100%,Low,4,,,,,,,,20,20,20,10,20,20,30,10,10,20,10,20
bản đồ của google,VND,10,0%,0%,Low,0,,,,,,,,10,10,10,10,10,10,10,10,10,10,10,10
cách thay đổi vị trí trên google map,VND,20,-33%,100%,Low,2,,,,,,,,20,10,10,20,10,10,20,20,10,30,20,20
cách thay đổi địa chỉ trên google map,VND,30,-33%,-50%,Low,5,,,,,,,,40,20,20,30,30,20,30,30,30,30,30,20
doanh nghiệp không hiển thị trên google map,VND,10,0%,0%,Low,0,,,,,,,,10,10,10,10,10,10,10,10,10,10,10,10
đăng ký định vị google map,VND,20,0%,100%,Low,17,328,4373,,,,,,10,10,10,20,20,20,30,20,20,20,20,20
tạo điểm trên google map,VND,30,0%,50%,Low,11,298,698,,,,,,30,20,20,20,20,20,30,40,40,30,20,30
google chỉ,VND,50,-40%,-40%,Low,0,,,,,,,,110,50,30,50,40,30,70,50,70,50,50,30
thêm địa chỉ công ty vào google map,VND,10,0%,0%,Low,3,,,,,,,,10,10,10,10,10,10,10,10,10,10,10,10
thêm địa điểm google map,VND,50,-25%,-40%,Low,3,,,,,,,,50,70,70,50,40,50,70,70,10,40,40,30
cách đưa địa điểm lên google map,VND,20,0%,0%,Low,7,,,,,,,,20,10,20,20,10,10,10,20,10,20,20,20
tạo vị trí doanh nghiệp trên google map,VND,10,200%,200%,Low,10,327,3980,,,,,,20,10,10,10,10,10,10,10,10,10,10,30
cách đưa cửa hàng lên google map,VND,30,50%,-25%,Low,8,,,,,,,,50,40,40,30,30,20,30,40,20,20,50,30
tạo địa chỉ nhà trên google map,VND,20,0%,-33%,Low,2,,,,,,,,10,10,10,10,20,20,20,20,30,20,30,20
cách tìm google maps,VND,10,-50%,-67%,Low,18,,,,,,,,10,20,10,10,10,10,10,10,10,20,20,10
đăng ký địa chỉ nhà trên google map,VND,20,0%,100%,Low,3,,,,,,,,10,20,10,10,10,20,10,10,20,20,20,20
đăng ký địa điểm trên google map,VND,70,-29%,-44%,Low,18,298,3981,,,,,,90,70,70,70,90,90,70,70,70,70,70,50
cách đăng ký trên google maps,VND,50,-29%,-29%,Low,5,298,328,,,,,,50,50,50,40,40,40,50,50,50,70,70,50
cách thêm nhà mình trên google map,VND,10,0%,0%,Low,2,,,,,,,,10,10,10,10,10,10,10,10,10,10,10,10
thêm địa điểm vào google map,VND,20,50%,0%,Low,2,,,,,,,,20,20,30,10,10,10,20,20,40,20,20,30
đưa địa điểm lên google map,VND,10,0%,-50%,Low,4,,,,,,,,20,10,10,10,10,10,10,10,10,10,10,10
đổi địa chỉ trên google map,VND,20,0%,-67%,Low,2,,,,,,,,20,20,20,20,10,10,20,10,20,10,20,10
cách đặt địa chỉ trên google map,VND,50,75%,0%,Low,5,186,298,,,,,,70,40,70,70,50,40,70,70,50,40,90,70
tạo maps,VND,90,0%,0%,Low,1,,,,,,,,90,90,70,90,90,70,110,110,110,90,90,90
cách đưa 1 địa điểm lên google map,VND,10,0%,0%,Low,0,,,,,,,,10,10,10,10,10,10,10,10,10,10,10,10
cách tạo map trên google,VND,10,0%,0%,Low,10,,,,,,,,20,10,10,10,10,10,10,10,10,10,10,10
cách thay đổi địa điểm trên google map,VND,10,0%,0%,Low,0,,,,,,,,10,10,20,10,10,10,10,10,10,10,10,10
cách hiển thị địa điểm trên google map,VND,10,0%,0%,Low,0,,,,,,,,10,10,10,10,10,10,10,10,10,10,10,10
cách đưa địa chỉ lên google,VND,10,-67%,0%,Low,8,,,,,,,,10,20,10,10,10,10,10,10,10,30,10,10
hiển thị địa chỉ trên google map,VND,10,0%,0%,Low,24,,,,,,,,10,10,10,10,0,10,10,10,10,10,10,10
thêm cửa hàng trên google map,VND,30,0%,-33%,Low,17,298,3538,,,,,,30,40,30,20,20,10,20,40,30,20,30,20
tạo địa điểm google,VND,10,0%,0%,Low,12,,,,,,,,10,10,10,10,10,10,10,10,10,10,10,10
cách tạo địa chỉ nhà trên google map,VND,30,50%,-25%,Low,0,,,,,,,,30,30,20,30,30,50,40,50,40,20,30,30
tạo định vị trên google map,VND,70,75%,-36%,Low,1,,,,,,,,70,110,90,90,70,50,90,70,90,40,70,70
cách đặt địa chỉ nhà trên google map,VND,20,0%,0%,Low,1,,,,,,,,10,20,10,10,30,30,20,30,40,20,20,20
cách đặt tên địa chỉ trên google map,VND,20,100%,0%,Low,6,,,,,,,,20,30,20,30,10,10,30,30,30,10,20,20
cách làm địa điểm trên google map,VND,20,0%,200%,Low,10,113,697,,,,,,20,20,10,20,20,10,20,30,30,30,20,30
cách đặt tên trên google map,VND,70,0%,0%,Low,4,,,,,,,,70,90,50,70,50,70,110,70,70,90,70,90
tạo vị trí trên bản đồ,VND,10,0%,0%,Low,2,,,,,,,,10,10,30,10,10,10,10,10,10,10,40,10
cách đưa quán lên google map,VND,1300,0%,0%,Low,12,298,696,,,,,,20,12100,3600,10,10,20,10,10,20,30,30,30
seo map google,VND,3600,0%,-89%,Medium,45,7769,32473,,,,,,480,390,9900,14800,12100,210,480,260,260,210,260,210
tạo vị trí trên gg map,VND,210,0%,24%,Low,3,245,328,,,,,,170,140,210,210,210,170,210,260,210,260,210,260
cách đăng địa điểm lên google map,VND,10,0%,0%,Low,7,,,,,,,,10,10,10,10,10,10,10,10,10,10,10,10
cách cập nhật địa chỉ lên google map,VND,10,100%,100%,Low,3,,,,,,,,10,10,10,10,10,10,10,10,10,10,10,20
cách thêm vị trí cửa hàng lên google map,VND,10,-50%,0%,Low,5,,,,,,,,10,10,10,10,10,10,10,10,10,20,10,10
cách tạo google maps trên điện thoại,VND,10,0%,0%,Low,0,,,,,,,,10,10,10,10,10,20,10,10,10,10,10,10
cách tạo vị trí doanh nghiệp trên google map,VND,10,200%,200%,Low,10,298,1498,,,,,,10,10,10,10,10,10,10,10,10,10,30,30
cách chỉnh sửa địa điểm trên google map,VND,10,0%,0%,Low,0,,,,,,,,10,10,10,10,20,10,10,10,20,10,10,10
đổi tên vị trí trên google map,VND,10,0%,0%,Low,6,,,,,,,,10,10,10,10,10,10,10,10,20,10,10,10
thay đổi định vị trên google map,VND,10,0%,0%,Low,3,,,,,,,,10,10,10,10,10,10,10,20,20,10,10,10
đăng ký địa chỉ lên google map,VND,10,0%,0%,Low,14,,,,,,,,10,10,10,10,10,10,10,10,30,10,10,10
cách sử dụng maps,VND,20,0%,-33%,Low,2,,,,,,,,30,30,30,20,10,20,30,20,30,20,30,20
tạo địa chỉ công ty trên google map,VND,10,0%,-50%,Low,11,,,,,,,,20,10,10,10,20,10,10,10,20,10,10,10
đăng ký vị trí google map,VND,20,100%,300%,Low,6,298,3664,,,,,,10,30,10,0,10,20,20,10,10,20,40,40
cách tạo tên cửa hàng trên google map,VND,10,100%,100%,Low,14,298,3862,,,,,,10,10,10,10,10,10,20,10,20,10,20,20
cách đưa tên quán lên google map,VND,20,0%,0%,Low,10,,,,,,,,10,20,10,20,20,10,20,30,30,20,20,20
cách hiện địa chỉ trên google map,VND,20,0%,0%,Low,5,,,,,,,,10,10,30,30,20,20,20,20,30,20,20,20
cách thiết lập địa chỉ trên google map,VND,10,0%,0%,Low,0,,,,,,,,10,10,10,10,10,10,10,10,10,10,10,10
cách thêm địa chỉ quán lên google map,VND,10,0%,0%,Low,5,,,,,,,,10,10,10,10,10,10,10,10,10,10,10,10
cách cho địa chỉ lên google map,VND,10,0%,-50%,Low,21,,,,,,,,20,20,10,20,10,10,20,10,10,10,10,10
cách cập nhật vị trí trên bản đồ,VND,10,0%,-67%,Low,0,,,,,,,,20,10,20,10,10,10,10,0,10,10,10,10
tìm google map,VND,110,21%,21%,Low,15,492,1319,,,,,,110,90,70,110,90,90,90,110,90,140,110,170
cách đặt vị trí trên google map,VND,90,27%,0%,Low,2,115,299,,,,,,90,90,70,90,90,50,110,110,90,110,110,140
cách đưa nhà mình lên google map,VND,10,0%,0%,Low,0,,,,,,,,10,10,10,10,10,10,10,10,20,10,10,10
cách tạo địa chỉ cửa hàng trên google map,VND,10,0%,0%,Low,14,,,,,,,,10,10,10,20,10,10,20,10,20,10,10,10
maps bản đồ,VND,1300,-12%,-54%,Low,3,342,1566,,,,,,1600,1600,1600,1600,1300,1000,1600,1300,1600,1000,880,880
thêm địa chỉ nhà trên google map,VND,40,67%,0%,Low,1,,,,,,,,50,50,40,30,30,30,70,30,20,30,30,50
đưa vị trí nhà lên google map,VND,10,0%,0%,Low,1,,,,,,,,10,10,10,10,10,20,30,20,20,10,10,10
cho địa chỉ lên google map,VND,10,0%,0%,Low,0,,,,,,,,10,10,10,10,10,10,10,10,10,10,10,10
tìm kiếm trên google maps,VND,20,200%,50%,Low,14,520,1062,,,,,,10,30,20,20,30,10,20,10,20,10,10,30
cách cài địa chỉ lên google map,VND,10,100%,100%,Low,3,,,,,,,,10,10,10,10,10,10,10,10,10,10,20,20
cách đăng ký cửa hàng trên google map,VND,30,50%,50%,Low,4,,,,,,,,20,30,20,30,40,20,20,20,30,20,30,30
cách đặt tên địa điểm trên google map,VND,20,33%,0%,Low,6,297,328,,,,,,20,20,30,10,20,10,20,20,30,30,30,40
đổi tên địa điểm trên google map,VND,30,-33%,-33%,Low,1,,,,,,,,20,30,30,30,30,20,30,30,30,30,20,20
cách đổi địa chỉ trên google map,VND,30,-25%,-40%,Low,3,,,,,,,,40,30,40,30,40,20,50,20,30,40,50,30
cách đăng ký tên trên google map,VND,20,-33%,-33%,Low,7,,,,,,,,30,30,20,20,20,10,20,20,30,30,20,20
đặt địa điểm trên google map,VND,20,-75%,-50%,Low,2,,,,,,,,20,20,10,10,10,10,10,30,40,40,30,10
tạo địa điểm quán ăn trên google map,VND,10,0%,0%,Low,0,,,,,,,,10,10,10,10,10,10,10,10,10,10,10,10
cách đặt tên quán trên google map,VND,10,0%,-50%,Low,0,,,,,,,,20,20,10,10,10,10,10,10,10,10,10,10
cách cài định vị cửa hàng trên google map,VND,10,0%,0%,Low,0,,,,,,,,10,10,10,10,10,10,10,10,10,10,10,10
google google google maps,VND,10,0%,∞,Low,0,,,,,,,,10,0,10,10,0,10,0,10,0,10,10,10
cách đặt địa điểm trên google map,VND,40,0%,25%,Low,2,,,,,,,,40,50,20,20,30,30,30,40,50,50,30,50
sửa tên trên google map,VND,20,-33%,-33%,Low,0,,,,,,,,20,20,10,10,20,10,30,30,20,30,20,20
tra google map,VND,50,0%,-29%,Low,0,,,,,,,,70,40,40,40,40,40,40,50,50,50,50,50
đặt địa chỉ trên google map,VND,30,50%,-25%,Low,4,,,,,,,,30,30,30,30,20,40,20,20,20,20,30,30
thêm địa chỉ nhà lên google map,VND,30,-33%,100%,Low,1,,,,,,,,10,20,30,50,20,40,10,30,50,30,20,20
cách đưa vị trí nhà lên google map,VND,30,25%,400%,Low,2,,,,,,,,10,10,20,20,30,30,20,10,40,40,70,50
thêm địa điểm lên google map,VND,10,0%,0%,Low,6,,,,,,,,10,40,10,10,10,10,10,10,10,10,10,10
đặt địa chỉ nhà trên google map,VND,10,0%,0%,Low,1,,,,,,,,10,10,10,10,10,10,20,10,10,10,10,10
cách tạo điểm trên google map,VND,30,-25%,0%,Low,7,298,328,,,,,,30,40,30,30,30,40,40,40,40,40,20,30
đăng ký địa điểm trên google,VND,10,-50%,0%,Low,7,,,,,,,,20,10,10,30,10,10,10,10,10,20,10,10
cách tạo tên trên google map,VND,30,50%,0%,Low,5,,,,,,,,30,30,30,30,20,30,20,30,20,20,10,30
cách dùng google map,VND,170,0%,-19%,Low,2,121,597,,,,,,260,170,140,140,140,170,170,170,170,210,210,210
cách đăng ký vị trí trên google map,VND,90,22%,57%,Low,11,297,696,,,,,,90,90,90,110,110,70,90,90,90,90,110,110
đăng ký cửa hàng trên google map,VND,20,-33%,-33%,Low,13,3424,3988,,,,,,30,20,20,20,20,10,30,20,20,30,20,20
cách đặt tên nhà lên google map,VND,10,0%,0%,Low,5,,,,,,,,10,10,10,10,10,0,10,10,10,10,10,10
địa điểm google,VND,10,0%,0%,Low,6,,,,,,,,10,10,10,10,10,10,10,10,10,10,10,10
xóa vị trí trên google map,VND,30,0%,-50%,Low,5,,,,,,,,10,30,30,30,30,20,20,20,20,20,20,20
cách thêm địa điểm trên google map,VND,210,24%,86%,Low,4,298,695,,,,,,110,210,140,210,210,210,260,260,260,210,260,260
cách tạo địa chỉ trên map,VND,50,-60%,-60%,Low,6,,,,,,,,50,70,70,30,50,40,50,40,40,50,50,20
cách đưa tên cửa hàng lên google map,VND,10,0%,0%,Low,6,,,,,,,,10,10,20,10,10,10,10,10,10,10,10,10
đưa tên quán lên google map,VND,10,0%,0%,Low,25,,,,,,,,10,10,10,10,10,10,10,10,10,10,10,10
cách thêm địa điểm vào google map,VND,10,0%,0%,Low,13,,,,,,,,10,10,10,20,10,10,20,10,20,10,10,10
cách cài địa chỉ trên google map,VND,30,0%,0%,Low,9,,,,,,,,30,50,30,20,30,20,20,30,30,20,20,20
cách đăng ký nhà hàng trên google map,VND,10,0%,0%,Low,10,,,,,,,,10,10,10,10,10,10,10,10,10,10,10,10
cách đổi tên địa điểm trên google map,VND,20,-33%,-33%,Low,3,,,,,,,,20,20,20,20,20,20,20,30,20,30,30,20
tạo địa điểm mới trên google map,VND,30,200%,50%,Low,5,,,,,,,,10,10,10,30,20,20,50,50,30,10,20,30
cách đưa công ty lên google map,VND,10,0%,0%,Low,19,,,,,,,,10,10,10,10,10,10,10,10,10,10,10,10
cách đặt vị trí của mình trên google map,VND,10,0%,0%,Low,0,,,,,,,,10,10,10,10,20,10,10,10,10,10,10,10
tạo vị trí cửa hàng trên google map,VND,10,0%,100%,Low,17,328,4375,,,,,,10,10,10,10,10,10,10,10,20,20,20,20
cách đổi tên vị trí trên google map,VND,20,-33%,0%,Low,1,,,,,,,,10,20,20,20,20,10,30,20,30,30,10,20
cách đăng ký địa điểm trên google,VND,10,0%,0%,Low,4,,,,,,,,10,10,10,20,10,10,10,20,10,10,10,10
thêm địa chỉ google map,VND,10,100%,100%,Low,6,,,,,,,,10,20,10,10,20,10,10,20,10,10,10,20
đăng ký vị trí trên bản đồ,VND,10,0%,0%,Low,21,,,,,,,,10,10,0,10,10,10,10,10,10,10,10,10
đăng ký địa chỉ google map,VND,50,29%,350%,Low,13,227,3988,,,,,,30,30,50,50,70,50,40,30,40,70,50,90
cách tạo địa điểm nhà hàng trên google map,VND,10,-100%,-100%,Unknown,,,,,,,,,10,10,10,20,10,10,10,10,10,10,10,0
hỗ trợ google map,VND,20,100%,0%,Low,0,,,,,,,,10,20,10,20,10,20,20,20,30,10,20,20
tạo địa điểm trên google,VND,50,0%,40%,Low,11,326,694,,,,,,70,70,50,50,40,20,40,50,70,70,90,70
cách đăng ký vị trí nhà trên google map,VND,20,100%,-60%,Low,1,,,,,,,,40,30,10,20,10,10,10,10,10,10,10,20
thêm vị trí doanh nghiệp trên google map,VND,10,100%,100%,Low,10,,,,,,,,10,10,10,10,10,10,10,10,10,10,20,20
cách tạo tên quán trên google map,VND,10,0%,-50%,Low,6,,,,,,,,10,10,10,10,10,10,20,10,10,10,10,10
cách đăng ký vị trí cửa hàng trên google map,VND,10,-50%,0%,Low,16,,,,,,,,10,10,10,10,10,10,10,10,40,20,20,10
thêm địa chỉ doanh nghiệp trên google map,VND,20,-50%,-67%,Low,4,,,,,,,,30,20,10,10,10,10,30,10,30,20,10,10
tạo địa điểm,VND,10,0%,0%,Low,6,,,,,,,,10,10,10,10,10,10,10,10,10,10,10,10
cách đăng ký trên gg map,VND,50,-29%,-29%,Low,5,298,328,,,,,,50,50,50,40,40,40,50,50,50,70,70,50
google địa điểm,VND,70,0%,0%,Low,0,,,,,,,,50,90,70,70,90,70,70,90,70,70,70,70
cách chỉnh sửa địa chỉ trên google map,VND,20,0%,0%,Low,3,,,,,,,,20,20,20,20,20,10,20,30,30,20,20,20
cách đưa tên công ty lên google map,VND,10,0%,0%,Low,29,,,,,,,,10,10,10,10,0,10,10,10,10,10,10,10
cập nhật vị trí trên bản đồ,VND,10,-50%,0%,Low,0,,,,,,,,20,10,10,10,10,10,20,10,20,20,10,10
cách đăng ký vị trí trên bản đồ,VND,10,0%,0%,Low,17,,,,,,,,10,10,10,10,10,10,30,10,10,10,20,10
cách đặt tên nhà trên google map,VND,50,0%,0%,Low,1,,,,,,,,50,70,50,40,40,90,50,50,50,50,70,50
cách thêm tên nhà trên google map,VND,20,-33%,0%,Low,3,,,,,,,,20,10,20,10,20,10,20,20,20,30,30,20
cách tạo vị trí cửa hàng trên google map,VND,20,100%,0%,Low,10,,,,,,,,20,20,50,30,20,30,20,10,20,10,10,20
cách đặt địa chỉ lên google map,VND,10,0%,0%,Low,8,,,,,,,,20,10,20,10,10,10,10,10,10,10,10,10
cách tạo địa chỉ trên bản đồ,VND,10,0%,0%,Low,5,,,,,,,,10,10,10,10,10,10,10,10,10,10,10,10
cách tạo địa chỉ công ty trên google map,VND,10,0%,0%,Low,11,,,,,,,,10,10,10,10,10,10,10,10,10,10,10,10
cách đưa tên lên google map,VND,10,∞,0%,Low,4,,,,,,,,10,10,10,10,10,10,10,10,10,0,10,10
đăng ký vị trí trên google,VND,10,0%,0%,Low,14,,,,,,,,10,10,10,10,10,10,10,10,20,10,30,10
cách thêm địa điểm trên google,VND,10,0%,0%,Low,0,,,,,,,,10,10,10,10,10,10,10,10,10,10,10,10
đăng ký tên quán trên google map,VND,10,0%,0%,Low,17,,,,,,,,10,10,10,10,10,10,10,10,10,10,10,10
chỉnh sửa địa chỉ trên google map,VND,30,0%,-33%,Low,2,,,,,,,,20,30,30,30,20,20,50,40,30,20,30,20
cách add địa chỉ lên google map,VND,10,0%,0%,Low,0,,,,,,,,10,10,10,10,10,10,10,10,10,10,10,10
cách thêm 1 địa điểm trên google map,VND,10,100%,0%,Low,5,,,,,,,,10,10,10,10,10,10,20,20,10,10,10,20
cách định vị cửa hàng trên google map,VND,20,-33%,-33%,Low,10,,,,,,,,40,20,20,20,30,10,30,20,30,30,30,20
thêm vị trí vào google map,VND,20,-40%,200%,Low,1,,,,,,,,10,10,10,10,10,10,10,10,30,50,30,30
tạo vị trí trên google,VND,10,0%,0%,Low,2,,,,,,,,10,10,10,30,10,10,10,10,30,10,20,10
cách dùng google map hiệu quả,VND,20,0%,-33%,Low,6,,,,,,,,20,10,20,20,10,20,20,30,20,20,10,20
cách thêm địa chỉ trên google map,VND,320,22%,50%,Low,7,298,695,,,,,,320,320,320,320,320,390,390,320,390,320,320,390
cách tạo địa điểm quán ăn trên google map,VND,10,0%,0%,Low,4,,,,,,,,10,10,10,10,10,10,10,10,30,10,10,10
vị trí trên google map,VND,30,40%,600%,Low,4,,,,,,,,10,30,40,20,20,20,20,30,40,50,40,70
chỉnh sửa vị trí trên google map,VND,70,0%,-29%,Low,2,,,,,,,,70,50,70,70,70,50,90,70,70,50,70,50
cách đặt tên công ty trên google map,VND,10,0%,0%,Low,4,,,,,,,,10,10,10,10,10,10,10,10,10,10,10,10
cách đặt vị trí nhà trên google map,VND,30,0%,-25%,Low,2,,,,,,,,30,20,30,20,20,20,20,20,20,30,30,30
cách thêm địa chỉ lên google map,VND,20,33%,33%,Low,6,298,696,,,,,,10,10,20,20,20,10,20,20,30,30,50,40
cách đăng ký định vị trên google map,VND,40,-40%,-25%,Low,7,115,327,,,,,,40,30,30,30,40,20,40,40,40,50,20,30
sửa tên địa điểm trên google map,VND,10,100%,100%,Low,5,,,,,,,,10,10,10,10,10,10,10,20,10,10,10,20
google map cập nhật,VND,30,-50%,0%,Low,0,,,,,,,,20,10,10,10,10,30,140,40,30,20,10,10
cách đăng ký vị trí trên google,VND,10,0%,0%,Low,17,,,,,,,,10,10,30,10,10,30,10,10,10,10,10,10
cách tạo địa điểm trên bản đồ,VND,10,0%,0%,Low,0,,,,,,,,10,10,10,10,10,0,10,10,10,10,10,10
cách tạo cửa hàng trên google map,VND,30,0%,-50%,Low,19,326,696,,,,,,20,20,10,20,20,20,30,40,30,20,40,20
định vị công ty trên google map,VND,20,100%,-33%,Low,9,,,,,,,,10,20,20,10,20,10,20,20,20,10,20,20
cách đưa tên doanh nghiệp lên google map,VND,10,0%,0%,Low,19,,,,,,,,10,10,10,10,10,10,10,10,10,10,0,10
google map lỗi,VND,20,0%,100%,Low,0,,,,,,,,30,30,10,20,20,30,30,40,30,20,10,20
cách sửa địa chỉ trên google map,VND,40,-75%,-86%,Low,1,,,,,,,,50,50,40,30,40,20,40,50,40,40,40,10
cách xóa vị trí trên google map,VND,90,-21%,57%,Low,3,121,697,,,,,,90,70,50,70,50,40,110,110,70,140,140,110
google maps 2,VND,10,50%,50%,Low,0,,,,,,,,20,10,10,10,10,10,20,10,20,20,10,30
cách tạo địa điểm google map,VND,10,100%,100%,Low,6,,,,,,,,10,10,20,20,10,10,10,10,20,10,10,20
hướng dẫn tạo vị trí trên google map,VND,20,0%,0%,Low,12,,,,,,,,10,20,10,10,10,10,20,20,10,20,20,20
đăng ký địa điểm kinh doanh trên google map,VND,10,0%,-50%,Low,9,,,,,,,,10,10,10,10,10,10,10,20,10,10,10,10
thêm địa chỉ trên google map,VND,140,21%,0%,Low,4,298,661,,,,,,140,140,170,140,110,110,210,140,140,140,110,170
cách đăng ký địa chỉ trên google,VND,40,-50%,-91%,Low,15,,,,,,,,110,50,70,40,40,40,10,20,10,20,10,10
đặt tên địa điểm trên google map,VND,20,-33%,0%,Low,8,,,,,,,,10,10,10,20,10,20,20,10,20,30,10,20
cách tra google map,VND,50,0%,-36%,Low,4,,,,,,,,70,50,40,40,30,40,30,40,50,70,40,70
đăng ký tên trên google map,VND,20,-50%,0%,Low,9,,,,,,,,20,20,20,10,10,10,20,20,30,20,10,10
cách thêm doanh nghiệp vào google map,VND,20,0%,-33%,Low,5,,,,,,,,20,20,20,20,30,20,10,10,20,20,20,20
cách thêm tên quán trên google map,VND,20,0%,-50%,Low,16,,,,,,,,20,20,20,20,20,10,20,20,20,10,20,10
tạo cửa hàng trên google map,VND,20,100%,0%,Low,6,,,,,,,,20,20,30,20,20,10,20,30,30,20,40,40
đặt vị trí trên google map,VND,50,-56%,-20%,Low,3,,,,,,,,40,40,30,50,50,50,70,40,70,90,40,40
cách tạo vị trí nhà trên google map,VND,20,67%,150%,Low,1,,,,,,,,10,20,20,10,10,20,20,20,20,30,30,50
maps 5,VND,20,300%,300%,Low,5,,,,,,,,10,20,10,20,20,20,20,10,20,10,10,40
thêm địa chỉ nhà vào google map,VND,10,0%,0%,Low,0,,,,,,,,10,10,10,10,10,10,10,10,10,10,10,10
thêm địa chỉ vào google map,VND,20,0%,0%,Low,1,,,,,,,,20,20,20,10,20,20,20,20,20,20,20,20
add địa chỉ lên google map,VND,10,100%,100%,Low,4,,,,,,,,10,20,10,20,10,10,10,10,10,10,10,20
tao dia diem tren google map,VND,10,0%,0%,Low,4,,,,,,,,10,10,10,10,10,10,10,10,10,10,10,10
cách thêm địa chỉ vào google map,VND,20,-67%,-75%,Low,5,,,,,,,,30,20,20,10,30,40,20,30,30,30,20,10
cách tạo vị trí trên google,VND,20,0%,0%,Low,7,,,,,,,,10,20,10,10,10,10,40,10,10,10,50,10
google map điểm đi điểm đến,VND,10,0%,0%,Low,0,,,,,,,,10,10,10,10,10,10,10,20,10,20,10,20
cách đăng ký tên công ty trên google map,VND,10,0%,0%,Low,14,,,,,,,,10,10,10,10,10,10,10,10,10,10,10,10
cách thêm địa điểm trên google map bằng điện thoại,VND,10,-50%,0%,Low,0,,,,,,,,10,10,10,10,10,10,20,20,20,20,10,10
cách đưa doanh nghiệp lên google map,VND,20,100%,0%,Low,13,,,,,,,,20,30,20,10,20,20,20,20,20,10,40,20
thêm địa chỉ lên google map,VND,20,0%,-75%,Low,11,,,,,,,,50,10,20,50,10,10,20,10,10,10,10,10
tại google map,VND,10,0%,100%,Medium,36,1201,2719,,,,,,10,10,10,10,20,10,10,10,20,20,10,20
cắm địa điểm trên google map,VND,10,0%,0%,Low,0,,,,,,,,10,10,10,10,10,10,10,10,10,10,10,10
cách đặt tên trên bản đồ google map,VND,20,50%,200%,Low,3,,,,,,,,10,10,10,10,10,10,10,40,30,20,20,30
gồ map,VND,2900,123%,0%,Low,2,140,496,,,,,,2900,2900,2900,2900,2900,2900,2900,2900,2400,1300,1900,2900
cách thêm địa điểm trên bản đồ,VND,10,-50%,0%,Low,2,,,,,,,,0,10,10,10,20,20,10,10,10,20,10,10
google map bị lỗi,VND,140,0%,0%,Low,0,,,,,,,,140,260,110,140,110,170,210,210,140,110,110,110
doanh nghiệp trên google map,VND,20,50%,200%,Low,2,,,,,,,,20,20,20,20,20,10,30,20,30,20,20,30
gg map việt nam,VND,1300,0%,-63%,Low,1,277,1403,,,,,,2900,1300,1300,1600,1600,1300,1600,1000,1300,880,1300,880
cách đăng ký tên quán trên google map,VND,10,100%,100%,Low,14,299,698,,,,,,10,10,10,10,10,10,10,10,20,10,10,20
đăng ký tên cửa hàng trên google map,VND,10,0%,0%,Low,29,,,,,,,,10,10,0,10,10,0,10,10,10,10,10,10
đăng ký quán trên google map,VND,20,-50%,-50%,Low,13,,,,,,,,10,20,10,10,10,10,10,10,20,20,30,10
cách làm vị trí trên google map,VND,40,67%,25%,Low,6,297,694,,,,,,20,40,40,30,40,20,50,50,30,30,50,50
cách đăng ký địa chỉ công ty trên google map,VND,10,0%,0%,Low,14,,,,,,,,10,10,10,10,10,10,10,10,10,10,10,10
thêm vị trí google map,VND,10,0%,0%,Low,5,,,,,,,,10,10,10,10,10,10,10,10,10,10,10,10
đặt tên trên google map,VND,30,0%,0%,Low,4,,,,,,,,30,20,30,20,20,30,20,30,20,30,20,30
thêm địa danh vào google map,VND,10,0%,0%,Low,7,,,,,,,,10,10,10,10,10,10,10,10,10,10,10,10
đưa vị trí lên google map,VND,30,-25%,0%,Low,4,,,,,,,,20,20,30,40,40,20,40,40,40,40,40,30
cách đặt tên vị trí trên bản đồ,VND,10,0%,0%,Low,2,,,,,,,,10,10,10,10,10,10,10,10,20,10,10,10
cách chỉnh định vị trên google map,VND,20,-67%,-50%,Low,0,,,,,,,,10,10,10,20,10,10,20,10,10,30,20,10
cách đăng ký google map,VND,140,0%,-18%,Low,12,298,699,,,,,,140,110,90,110,110,70,140,140,140,140,170,140
map gg,VND,110000,0%,22%,Low,1,99,662,,,,,,90500,90500,90500,110000,90500,74000,110000,110000,110000,110000,110000,110000
cách tạo vị trí trên map,VND,20,-67%,0%,Low,0,,,,,,,,10,10,10,10,10,10,30,20,20,30,30,10
lỗi google map,VND,50,0%,-57%,Low,0,,,,,,,,50,110,50,50,50,50,40,70,50,30,30,30
cách sửa vị trí trên bản đồ,VND,10,0%,0%,Low,0,,,,,,,,10,10,10,10,10,10,10,10,10,10,10,10
cách thêm vị trí nhà trên google map,VND,30,-50%,0%,Low,1,,,,,,,,10,30,20,40,20,20,20,30,40,40,30,20
cách đặt tên vị trí trên google map,VND,30,-25%,-40%,Low,4,,,,,,,,40,30,40,40,40,30,30,30,30,40,20,30
tìm kiếm google maps,VND,90,29%,-18%,Low,29,517,1345,,,,,,90,70,70,90,70,90,70,140,90,70,70,90
đăng ký địa chỉ công ty trên google map,VND,10,0%,0%,Low,5,,,,,,,,10,10,10,10,10,10,10,10,10,10,10,10
cách định vị quán trên google map,VND,20,-75%,-50%,Low,8,,,,,,,,20,20,30,20,20,20,30,20,20,40,40,10
maps 7,VND,20,200%,200%,Low,0,,,,,,,,10,10,20,10,30,10,10,10,10,10,20,30
cách làm vị trí nhà trên bản đồ,VND,10,0%,-50%,Low,1,,,,,,,,10,20,10,10,10,10,10,20,20,10,10,10
cách tạo địa điểm trên google,VND,40,0%,300%,Low,6,298,328,,,,,,10,50,40,30,30,40,70,50,50,40,30,40
tìm kiếm trên bản đồ,VND,10,0%,0%,Medium,34,425,650,,,,,,10,10,10,10,10,10,10,10,10,10,10,10
google maps doanh nghiệp,VND,110,27%,-18%,Low,1,,,,,,,,170,140,110,90,110,70,70,90,90,110,140,140
cách tạo vị trí trên bản đồ,VND,50,0%,-79%,Low,8,298,696,,,,,,110,90,20,50,30,50,70,50,40,30,30,30
cách để vị trí trên google map,VND,10,0%,0%,Low,0,,,,,,,,10,10,10,10,10,20,20,10,10,10,20,10
thêm vị trí trên google map,VND,140,0%,27%,Low,2,101,326,,,,,,70,140,110,140,170,140,170,170,170,140,110,140
cách sử dụng google map trên điện thoại,VND,20,-67%,0%,Low,0,,,,,,,,10,20,10,10,30,20,30,10,30,30,30,10
cách định vị công ty trên google map,VND,10,-50%,0%,Low,10,,,,,,,,20,20,10,10,10,10,20,10,10,20,10,10
bản đồ việt nam trên google maps,VND,10,100%,0%,Low,0,,,,,,,,10,20,20,10,10,20,20,10,10,10,10,20
đăng ký cửa hàng lên google map,VND,10,0%,0%,Low,16,,,,,,,,10,10,10,10,10,10,0,10,10,10,10,10
định vị doanh nghiệp trên google map,VND,10,0%,-50%,Low,15,,,,,,,,10,10,10,10,10,10,10,10,10,10,20,10
cách đăng ký quán ăn trên google map,VND,10,0%,0%,Low,4,,,,,,,,10,10,10,10,10,10,10,10,10,10,10,10
cách đưa cửa hàng lên google,VND,10,0%,0%,Low,19,,,,,,,,10,10,10,10,10,10,10,10,10,10,10,10
tạo tên quán trên google map,VND,10,0%,0%,Low,14,,,,,,,,10,10,10,10,20,10,10,10,10,10,20,10
cách định vị doanh nghiệp trên google map,VND,10,0%,0%,Low,23,,,,,,,,10,10,10,10,10,10,10,10,10,10,10,10
cách vào google maps,VND,30,50%,-40%,Low,5,,,,,,,,70,50,40,30,20,20,30,30,20,20,30,30
trong google maps,VND,30,40%,600%,Low,0,,,,,,,,10,50,10,10,10,10,10,10,140,50,10,70
cách chỉnh sửa tên địa điểm trên google map,VND,20,0%,-50%,Low,2,,,,,,,,30,30,10,30,10,10,10,40,10,10,20,10
cách đưa quán ăn lên google map,VND,10,0%,0%,Low,14,,,,,,,,10,10,10,10,10,10,20,10,10,10,10,10
tao dia chi tren google map,VND,260,0%,0%,Low,6,297,697,,,,,,260,260,210,210,210,210,260,260,320,320,320,320
bản đồ việt nam bản google maps,VND,10,100%,100%,Low,0,,,,,,,,10,20,20,10,10,10,10,10,10,10,10,20
thiết lập vị trí trên google map,VND,10,0%,0%,Low,0,,,,,,,,10,10,10,10,10,10,10,10,10,10,10,10
cách thêm vị trí trên google maps,VND,170,50%,0%,Low,2,107,298,,,,,,210,210,170,90,170,170,210,210,170,140,170,210
google map ra đời năm nào,VND,30,-50%,-33%,Low,0,,,,,,,,30,20,20,30,20,20,30,30,20,40,20,20
đăng ký trên google map,VND,30,-50%,-33%,Low,10,,,,,,,,20,20,40,30,30,20,40,20,30,40,30,20
cách xóa địa điểm trên google map,VND,110,22%,0%,Low,4,101,695,,,,,,110,110,90,90,90,90,140,140,90,90,110,110
tạo cửa hàng trên google,VND,10,-100%,-100%,Unknown,,,,,,,,,10,10,10,10,10,10,10,20,10,10,10,0
đăng ký tên công ty trên google map,VND,10,0%,0%,Low,21,,,,,,,,10,10,10,10,10,0,10,10,10,10,10,10
cách đưa vị trí lên bản đồ,VND,20,0%,-67%,Low,14,,,,,,,,30,10,40,30,20,10,10,10,10,10,10,10
thêm vị trí nhà trên google map,VND,20,100%,-60%,Low,2,,,,,,,,70,30,10,30,10,10,20,20,30,10,20,20
đặt tên nhà trên google map,VND,20,0%,50%,Low,1,,,,,,,,20,20,20,10,10,20,20,10,20,30,20,30
google maps 3,VND,30,50%,-40%,Low,0,,,,,,,,30,30,20,20,40,20,20,10,20,20,40,30
cách tạo map,VND,30,50%,0%,Low,3,,,,,,,,40,40,30,20,20,30,40,30,30,20,40,30
xóa địa điểm trên google map,VND,140,0%,21%,Low,7,124,698,,,,,,140,110,110,170,170,140,140,140,170,170,140,170
nâng cấp google map,VND,20,100%,100%,Low,0,,,,,,,,10,20,20,10,10,10,40,10,10,10,10,20
cách vô google maps,VND,10,0%,0%,Low,0,,,,,,,,10,10,10,10,10,10,10,10,10,10,10,10
cách xoá địa chỉ trên google map,VND,110,22%,0%,Low,3,79,696,,,,,,110,90,110,110,110,70,110,110,140,90,110,110
cách mở google maps,VND,50,-29%,0%,Low,4,,,,,,,,50,40,30,40,40,70,70,50,40,70,50,50
google map chuẩn nhất,VND,10,0%,0%,Medium,38,1233,3379,,,,,,10,10,10,10,10,10,10,10,10,10,10,10
đưa doanh nghiệp lên google map,VND,30,0%,-50%,Low,16,,,,,,,,30,30,30,40,30,20,40,40,30,20,50,20
cách cập nhật bản đồ google map,VND,10,0%,0%,Low,0,,,,,,,,10,10,10,10,10,10,10,10,10,10,10,10
không vào được google map,VND,10,0%,0%,Low,0,,,,,,,,10,10,10,10,10,10,10,10,10,10,10,10
cách đưa định vị lên google map,VND,10,0%,-50%,Low,1,,,,,,,,10,10,10,20,10,10,10,10,10,10,20,10
google map mới,VND,90,0%,-55%,Low,0,,,,,,,,90,140,50,70,70,50,170,70,110,50,40,50
cách đưa vị trí lên google map,VND,50,0%,-22%,Low,8,297,695,,,,,,70,50,30,30,50,30,30,30,50,70,40,70
tìm địa chỉ trên google map,VND,30,0%,50%,Low,6,,,,,,,,10,20,30,30,30,10,40,30,40,30,30,30
xóa địa chỉ trên google map,VND,110,0%,57%,Low,10,403,6966,,,,,,90,110,110,110,90,90,110,90,110,110,110,110
cách đặt tên định vị trên google map,VND,10,-50%,0%,Low,7,,,,,,,,10,10,10,10,10,10,10,10,20,20,10,10
hướng dẫn đặt vị trí trên google map,VND,10,0%,0%,Low,0,,,,,,,,10,10,10,10,10,10,10,10,10,10,10,10
tìm vị trí trên google map,VND,20,-50%,0%,Low,6,,,,,,,,20,20,20,20,10,10,30,20,10,20,20,10
cách khắc phục lỗi google map,VND,10,0%,0%,Low,0,,,,,,,,10,10,10,10,10,10,10,10,10,10,10,10
google maps 12,VND,10,∞,0%,Low,0,,,,,,,,10,10,10,0,10,10,10,10,10,0,0,10
cách đi gg map,VND,30,100%,33%,Low,4,,,,,,,,30,10,10,30,20,20,30,30,30,20,30,40
cập nhật google map,VND,260,0%,0%,Low,3,1091,5794,,,,,,210,210,170,210,210,210,480,260,320,260,210,260
cách đi theo google map,VND,40,25%,67%,Low,1,,,,,,,,50,50,30,40,40,40,40,30,30,40,50,50
cách thiết lập vị trí trên google map,VND,10,0%,0%,Low,0,,,,,,,,10,10,0,10,10,10,10,10,10,10,10,10
đi theo google map,VND,90,24%,950%,Low,1,,,,,,,,10,10,10,20,50,90,70,90,140,170,210,210
cách cắm địa chỉ trên google map,VND,10,0%,0%,Low,0,,,,,,,,10,10,10,10,10,10,10,10,10,10,10,10
cách quản lý địa điểm trên google map,VND,10,-50%,0%,Low,21,,,,,,,,10,10,10,10,10,10,10,10,10,20,10,10
cách thêm vị trí trên google map,VND,170,50%,0%,Low,2,107,298,,,,,,210,210,170,90,170,170,210,210,170,140,170,210
google địa chỉ,VND,70,0%,-29%,Low,1,,,,,,,,70,90,90,90,90,70,70,50,70,50,50,50
cách sử dụng bản đồ google maps,VND,10,0%,0%,Low,14,,,,,,,,10,10,10,10,10,10,10,10,10,10,10,10
cách đăng vị trí lên google map,VND,20,0%,-50%,Low,9,,,,,,,,30,40,30,20,30,10,20,30,30,20,20,20
lưu địa chỉ trên google map,VND,20,0%,50%,Low,2,,,,,,,,10,10,10,20,30,40,30,30,20,30,30,30
cách thêm địa chỉ nhà trên google map,VND,70,0%,-36%,Low,2,,,,,,,,70,70,70,110,50,70,70,70,70,70,70,70
cách thêm vị trí vào google map,VND,10,0%,0%,Low,8,,,,,,,,10,10,20,10,10,10,40,10,10,10,10,10
đăng ký địa chỉ trên google,VND,20,0%,-67%,Low,10,,,,,,,,30,30,10,10,10,10,20,20,10,10,10,10
cách lấy địa chỉ google map,VND,10,0%,0%,Low,0,,,,,,,,10,10,10,10,10,10,10,10,20,10,10,10
dich vu seo map,VND,70,-80%,-86%,Low,2,,,,,,,,140,90,70,210,50,10,50,90,50,50,70,10
đăng ký quán ăn trên google map,VND,10,0%,0%,Low,21,,,,,,,,10,10,10,10,10,10,10,10,10,10,20,10
đà nẵng gg map,VND,50,0%,0%,Low,0,,,,,,,,30,50,30,50,30,30,40,70,40,70,70,70
cách tạo định vị trên google map,VND,110,0%,-21%,Low,2,,,,,,,,140,140,90,90,90,110,140,140,110,110,110,110
cách làm định vị trên google map,VND,50,0%,-29%,Low,3,,,,,,,,50,50,50,50,50,50,50,50,50,50,70,50
cách tạo định vị,VND,10,0%,0%,Low,11,,,,,,,,10,10,10,10,10,10,10,10,10,10,10,10
cách xóa địa điểm đã tạo trên google map,VND,40,-67%,-40%,Low,4,,,,,,,,40,50,30,50,10,20,30,30,70,90,50,30
đăng ký doanh nghiệp lên google map,VND,10,0%,0%,Low,0,,,,,,,,10,10,10,10,10,10,10,10,10,10,10,10
cập nhật bản đồ google map mới nhất,VND,260,0%,53%,Low,6,1028,5667,,,,,,170,210,260,320,260,210,320,260,320,260,210,260
tìm trên bản đồ,VND,20,100%,0%,Low,4,,,,,,,,20,20,10,10,10,10,20,30,10,10,10,20
cách đặt vị trí trên bản đồ,VND,10,0%,0%,Low,2,,,,,,,,10,20,20,10,10,10,10,10,10,10,10,10
địa chỉ bản đồ,VND,20,0%,200%,Low,9,,,,,,,,10,30,20,20,20,20,20,20,30,30,30,30
cách hiển thị vị trí trên google map,VND,10,-50%,0%,Low,4,,,,,,,,10,10,10,10,10,10,10,10,10,20,10,10
địa chỉ,VND,27100,0%,0%,Low,0,301,2263,,,,,,27100,27100,22200,27100,27100,18100,27100,22200,22200,27100,27100,27100
tìm địa chỉ nhà trên bản đồ,VND,20,-33%,100%,Low,6,,,,,,,,10,10,10,10,10,20,20,20,30,30,20,20
vào google maps,VND,50,0%,0%,Low,11,346,1560,,,,,,40,70,30,50,40,50,50,50,50,70,70,70
gg bản đồ,VND,70,0%,0%,Low,0,,,,,,,,70,70,70,50,50,50,50,70,70,70,70,70
map tiếng việt,VND,50,-20%,-56%,Low,2,,,,,,,,140,90,70,50,70,20,30,40,50,50,40,40
hướng dẫn cài đặt vị trí trên google map,VND,10,0%,-50%,Low,2,,,,,,,,10,10,10,10,10,10,10,10,20,10,10,10
khắc phục lỗi google map,VND,10,0%,0%,Low,0,,,,,,,,10,20,10,10,10,10,10,10,10,10,10,10
cách tìm địa chỉ trên google map,VND,30,0%,-40%,Low,4,,,,,,,,50,30,50,30,30,20,30,20,40,30,30,30
bando google,VND,20,0%,0%,Low,0,,,,,,,,40,20,20,20,10,10,10,10,30,20,20,20
google maps 7,VND,10,0%,0%,Low,0,,,,,,,,10,10,10,10,10,10,10,10,10,10,10,10
cách đi theo bản đồ,VND,10,0%,0%,Low,0,,,,,,,,10,10,10,10,10,10,10,10,10,10,10,10
cách đặt tên trên bản đồ,VND,10,0%,0%,Low,0,,,,,,,,10,10,10,10,10,10,10,10,10,10,10,10
cách định vị địa chỉ nhà trên google map,VND,30,25%,150%,Low,3,,,,,,,,10,10,20,10,10,20,20,20,30,40,50,50
hiển thị vị trí trên google map,VND,10,0%,0%,Low,9,,,,,,,,10,10,10,10,10,10,10,10,10,10,10,10
tìm địa điểm trên google map,VND,10,0%,0%,Low,0,,,,,,,,10,10,10,10,10,10,10,10,10,10,10,10
cách lưu vị trí trên gg map,VND,210,24%,24%,Low,0,,,,,,,,210,210,210,210,210,320,170,210,260,210,210,260
cách tạo địa chỉ trên google,VND,30,-40%,0%,Low,14,299,696,,,,,,40,20,30,40,40,30,30,30,30,50,40,30
xoá định vị trên google map,VND,40,67%,67%,Low,1,,,,,,,,40,40,40,40,40,20,50,40,40,30,50,50
bản đồ gg map,VND,2400,22%,238%,Low,2,514,1879,,,,,,1300,1600,1900,1900,1900,1900,2400,2900,3600,3600,3600,4400
cách mở google map,VND,50,-29%,0%,Low,4,,,,,,,,50,40,30,40,40,70,70,50,40,70,50,50
bản đồ google việt nam,VND,30,75%,250%,Low,0,,,,,,,,30,20,10,10,30,30,40,20,30,40,20,70
gg map tiếng việt,VND,70,0%,0%,Low,0,,,,,,,,90,110,90,90,70,30,50,40,70,70,70,70
cách coi google maps,VND,90,22%,-21%,Low,2,520,1340,,,,,,110,90,90,90,90,110,90,70,70,90,90,110
bản đồ google cập nhật mới nhất,VND,10,0%,0%,Low,0,,,,,,,,10,10,10,10,20,10,10,10,10,10,10,10
google maps tiếng việt,VND,210,-18%,-46%,Low,2,680,2108,,,,,,210,320,260,260,210,110,170,210,140,170,140,140
cách định vị địa điểm trên google map,VND,20,200%,50%,Low,9,780,2630,,,,,,20,30,10,10,10,10,20,10,10,10,20,30
cập nhật hình ảnh trên google map,VND,30,50%,0%,Low,0,,,,,,,,30,30,30,20,30,20,40,30,30,20,20,30
lưu địa chỉ nhà trên google map,VND,10,0%,0%,Low,0,,,,,,,,10,10,10,10,10,20,10,10,10,10,10,10
cách hiển thị nhà trên google map,VND,10,0%,0%,Low,0,,,,,,,,10,10,10,10,10,10,10,10,10,10,10,10
cách tìm địa điểm trên google map,VND,10,-50%,0%,Low,6,,,,,,,,10,10,10,10,10,10,10,10,10,20,10,10
vị trí trên bản đồ,VND,50,56%,1300%,Low,3,520,1300,,,,,,30,40,20,30,30,20,50,30,70,90,110,140
gu gồ map,VND,590,-18%,0%,Low,5,205,1215,,,,,,480,720,590,590,590,590,720,720,720,720,590,590
định vị địa điểm trên google map,VND,20,100%,0%,Low,12,780,1820,,,,,,20,20,10,10,10,10,20,20,20,10,20,20
cách lưu địa chỉ trên google map,VND,40,0%,100%,Low,0,,,,,,,,20,20,10,50,30,30,90,50,40,40,70,40
cập nhật map,VND,20,0%,-33%,Low,5,,,,,,,,20,40,10,20,20,20,20,20,30,20,20,20
cách định vị địa chỉ trên google map,VND,50,-33%,-78%,Low,1,,,,,,,,110,70,90,110,50,50,40,40,40,30,30,20
google map bị sai vị trí,VND,20,0%,-67%,Low,0,,,,,,,,20,40,10,10,10,20,20,10,10,10,10,10
cách lưu vị trí hiện tại trên google map,VND,90,-64%,150%,Low,0,,,,,,,,70,90,40,40,70,90,170,110,110,140,40,50
địa chỉ của tôi,VND,2900,0%,0%,Low,1,260,1040,,,,,,3600,2400,2400,2400,2400,2400,2900,2400,2900,3600,2900,3600
lưu vị trí hiện tại trên google map,VND,40,0%,33%,Low,1,,,,,,,,40,50,90,40,30,40,30,40,30,40,40,40
cách định vị nhà trên google map,VND,50,0%,0%,Low,2,,,,,,,,40,50,40,30,40,50,50,40,50,50,70,50
cách lưu lại vị trí trên google map,VND,10,100%,0%,Low,0,,,,,,,,10,10,10,10,10,10,20,10,10,10,20,20
thêm định vị trên google map,VND,20,-50%,-50%,Low,2,,,,,,,,10,20,20,20,20,20,20,10,10,20,10,10
cách tìm địa chỉ nhà nhanh nhất,VND,90,-44%,-64%,Low,12,780,1820,,,,,,110,90,90,70,90,90,140,70,90,90,50,50
google map vị trí hiện tại,VND,260,0%,50%,Low,2,260,1040,,,,,,110,110,140,320,210,260,320,590,480,210,110,210
cách seo google map,VND,40,-60%,0%,Medium,57,329,19936,,,,,,30,20,30,30,20,10,40,30,40,50,70,20
tìm kiếm địa chỉ,VND,50,-25%,-57%,Low,5,,,,,,,,50,50,40,50,90,40,50,50,50,40,40,30
cách đặt định vị trên google map,VND,40,-29%,25%,Low,4,,,,,,,,30,30,40,30,30,70,50,50,20,70,40,50
cách hiện vị trí trên google map,VND,10,-50%,0%,Low,1,,,,,,,,20,10,10,10,10,10,10,10,10,20,20,10
bản đồ google maps việt nam,VND,20,0%,0%,Low,11,,,,,,,,10,10,10,10,40,50,10,30,20,10,10,10
đăng ảnh lên google map,VND,10,0%,0%,Low,0,,,,,,,,10,10,10,10,10,10,10,10,10,10,10,10
bản đồ gần đây,VND,40,0%,0%,Low,3,,,,,,,,20,30,20,30,30,40,30,40,50,40,50,40
định vị google maps,VND,1900,22%,817%,Low,1,530,2111,,,,,,390,390,390,590,1000,1300,1900,1900,2900,3600,3600,4400
lưu vị trí google map,VND,10,0%,0%,Low,0,,,,,,,,10,10,10,10,10,10,20,10,10,10,40,10
cách lưu địa điểm trên google map,VND,40,300%,-43%,Low,0,,,,,,,,70,50,50,50,30,50,30,30,30,10,40,40
vị trí bản đồ,VND,260,52%,23%,Low,12,520,1300,,,,,,210,260,320,210,210,210,260,260,260,210,260,320
cách gửi vị trí trên google map,VND,70,-20%,-43%,Low,1,,,,,,,,50,70,70,90,90,70,90,70,50,50,50,40
cách đo google map,VND,10,0%,0%,Low,3,,,,,,,,20,10,10,10,10,10,20,10,10,10,10,10
google map quảng ninh,VND,50,0%,0%,Low,2,,,,,,,,50,70,50,70,50,40,50,70,50,50,70,50
lưu vị trí trên google map,VND,90,29%,0%,Low,1,,,,,,,,70,40,40,90,90,170,90,90,70,70,90,90
các biểu tượng trên google map,VND,90,53%,767%,Low,0,,,,,,,,20,30,30,30,50,70,90,90,140,170,210,260
cách khoanh vùng trên google map,VND,20,0%,-33%,Low,0,,,,,,,,20,40,20,10,20,10,40,20,20,20,20,20
google map tìm nhà,VND,40,-33%,-71%,Low,2,,,,,,,,50,90,90,70,30,30,30,30,20,30,20,20
vị trí map,VND,40,-29%,67%,Low,8,520,2339,,,,,,20,40,30,30,50,20,40,30,50,70,50,50
cách đăng ảnh lên google map,VND,20,0%,0%,Low,0,,,,,,,,10,10,10,20,20,10,20,10,20,10,20,10
goomap google map,VND,50,0%,-40%,Low,0,,,,,,,,50,50,70,50,50,50,50,50,40,30,30,30
chị google map,VND,10,100%,-33%,Low,0,,,,,,,,10,10,10,10,10,10,10,10,20,10,10,20
ký hiệu trên google map,VND,10,0%,0%,Low,0,,,,,,,,10,10,10,10,10,10,10,10,10,10,10,10
google định vị địa điểm,VND,10,0%,0%,Low,11,,,,,,,,10,10,10,10,20,10,10,10,10,10,10,10
map google đà nẵng,VND,40,40%,133%,Low,2,,,,,,,,50,30,50,50,50,40,40,20,30,50,50,70
định vị trên google maps,VND,70,0%,-22%,Low,7,780,4939,,,,,,90,70,50,90,90,70,70,90,70,70,70,70
đặt định vị trên google map,VND,30,-33%,-33%,Low,6,,,,,,,,20,20,30,30,20,20,30,20,40,30,20,20
cách lưu hành trình trên google map,VND,30,25%,67%,Low,0,,,,,,,,20,20,20,20,20,30,30,20,30,40,40,50
cách tìm nhà trên google maps,VND,20,100%,-43%,Low,6,212,2339,,,,,,30,20,30,10,10,10,10,20,10,20,30,40
tìm số nhà trên bản đồ,VND,20,0%,-67%,Low,0,,,,,,,,30,20,20,30,20,10,20,20,10,10,30,10
vị trí của tôi google map,VND,140,556%,5800%,Low,1,748,1389,,,,,,10,40,20,40,70,90,90,70,170,90,260,590
tìm địa chỉ trên bản đồ,VND,20,-67%,0%,Low,10,,,,,,,,10,10,10,20,10,10,30,30,20,30,20,10
tìm vị trí bản đồ,VND,10,0%,0%,Low,31,,,,,,,,10,20,10,10,10,10,10,10,10,10,10,10
cách tìm bản đồ,VND,10,0%,0%,Low,7,,,,,,,,10,10,10,10,10,10,10,10,10,10,10,10
gg map web,VND,2400,-17%,0%,Low,0,,,,,,,,2400,2400,1900,2400,2900,1900,2400,1900,2900,2900,2400,2400
các ký hiệu trên google map,VND,70,40%,-36%,Low,0,,,,,,,,110,90,50,50,70,40,50,70,70,50,70,70
cách tìm vị trí của mình trên google map,VND,40,-20%,-20%,Low,7,520,1300,,,,,,30,30,20,20,30,70,40,40,40,50,40,40
lưu địa điểm trên google map,VND,40,33%,0%,Low,0,,,,,,,,50,50,40,50,30,50,50,30,20,30,30,40
google map đà nẵng,VND,5400,-18%,0%,Low,1,365,1230,,,,,,5400,5400,4400,4400,4400,2900,4400,4400,5400,6600,5400,5400
cách lấy địa chỉ trên google map,VND,30,0%,0%,Low,0,,,,,,,,30,20,30,20,30,20,20,40,40,30,40,30
cách lưu vị trí trên google map,VND,210,24%,24%,Low,0,,,,,,,,210,210,210,210,210,320,170,210,260,210,210,260
google maps 10,VND,10,0%,0%,Low,0,,,,,,,,10,10,10,10,10,10,10,10,10,10,10,10
lịch sử google map,VND,30,100%,33%,Low,0,,,,,,,,40,30,20,30,50,40,30,40,40,20,30,40
tìm vị trí hiện tại trên google map,VND,10,0%,-50%,Low,31,,,,,,,,10,10,10,20,10,10,10,10,10,10,10,10
cách tìm số nhà trên bản đồ,VND,10,0%,-50%,Low,0,,,,,,,,10,10,10,10,20,10,10,20,10,10,20,10
cách lưu vị trí nhà trên google map,VND,40,250%,133%,Low,0,,,,,,,,50,20,40,40,20,30,40,20,30,20,50,70
google map trực tuyến,VND,30,0%,-33%,Low,0,,,,,,,,40,40,50,30,30,20,20,20,40,20,30,20
cập nhật bản đồ,VND,40,0%,0%,Low,3,,,,,,,,50,40,30,50,50,40,30,50,40,50,40,50
địa chỉ gần đây,VND,90,22%,22%,Low,0,,,,,,,,70,90,110,110,70,50,70,70,90,90,110,110
tạo địa chỉ trên google,VND,20,0%,-50%,Low,10,,,,,,,,20,20,20,10,10,10,20,30,10,10,10,10
google bản đồ việt nam,VND,10,0%,0%,Low,10,,,,,,,,20,10,30,10,10,20,10,10,10,10,10,10
cách gửi google map,VND,10,0%,0%,Low,7,,,,,,,,10,10,10,10,10,10,10,10,10,10,10,10
google maps bản đồ việt nam,VND,70,57%,175%,Low,0,,,,,,,,40,50,40,50,40,40,70,70,70,70,70,110
google map hồ chí minh,VND,140,29%,-65%,Low,0,,,,,,,,260,210,170,140,140,110,140,70,70,70,90,90
cài đặt google maps trên điện thoại,VND,10,-50%,0%,Medium,40,520,1415,,,,,,10,10,10,10,10,20,30,20,20,20,10,10
cách gửi địa điểm trên google map,VND,10,0%,0%,Low,0,,,,,,,,10,10,10,10,10,10,10,10,0,10,10,10
cách seo map,VND,10,0%,0%,Medium,46,9905,62788,,,,,,10,10,10,10,10,10,10,10,10,10,10,10
hướng trên google map,VND,20,0%,50%,Low,0,,,,,,,,30,10,30,20,20,20,30,30,30,30,20,30
tìm địa chỉ nhà,VND,110,-36%,-47%,Low,1,,,,,,,,90,140,140,140,140,90,140,90,140,140,90,90
cách dùng bản đồ,VND,10,0%,0%,Low,10,,,,,,,,10,10,10,10,10,10,10,10,10,10,10,10
cách lưu vị trí của mình trên google map,VND,20,0%,0%,Low,0,,,,,,,,20,20,10,10,10,20,40,30,10,10,20,10
google maps mới nhất,VND,1000,-12%,0%,Low,3,895,3379,,,,,,880,1000,1300,1300,1000,1000,1300,1300,1300,1000,1000,880
google map cập nhật mới nhất,VND,90,-22%,-50%,Low,2,,,,,,,,110,90,90,70,70,110,210,90,90,90,50,70
gu maps,VND,170,21%,89%,Low,11,346,378,,,,,,210,170,140,170,140,90,170,110,140,140,260,170
vị trí của tôi trên google maps,VND,90,1500%,1500%,Low,0,,,,,,,,20,10,20,40,20,10,20,10,30,30,320,480
định vị vị trí trên google map,VND,30,-25%,0%,Low,18,520,1548,,,,,,30,20,20,30,20,20,50,30,40,40,30,30
địa chỉ nhà của tôi,VND,170,0%,24%,Low,1,,,,,,,,170,170,140,170,210,140,140,140,140,210,170,210
gô google map,VND,1000,-19%,-61%,Low,2,99,216,,,,,,880,1300,1300,1600,1300,1300,1900,1600,1300,480,480,390
dòng thời gian trên google map,VND,30,267%,450%,Low,0,,,,,,,,30,30,40,20,10,10,20,20,20,30,20,110
google map có thể di chuyển,VND,10,0%,0%,Low,0,,,,,,,,10,10,10,20,10,10,10,10,10,10,10,10
google map ninh thuận,VND,260,40%,-78%,Low,0,,,,,,,,320,320,260,260,260,320,320,260,260,50,40,70
cách bản đồ,VND,10,0%,0%,Low,0,,,,,,,,10,10,10,10,10,10,10,10,10,10,10,10
google map thời gian thực,VND,20,50%,50%,Low,18,780,2595,,,,,,20,20,30,20,20,20,40,20,20,20,20,30
tìm nhà trên google map,VND,50,0%,-43%,Low,7,780,1400,,,,,,50,50,70,90,50,20,30,30,20,40,40,40
cài vị trí trên bản đồ,VND,10,0%,0%,Low,0,,,,,,,,10,10,10,10,10,10,10,10,10,10,10,10
cách tìm địa chỉ nhà trên google,VND,40,-67%,-75%,Low,1,,,,,,,,40,40,50,70,50,40,30,30,20,30,20,10
gg map vị trí của tôi,VND,390,23%,0%,Low,2,520,2087,,,,,,390,590,390,320,320,480,480,480,480,390,390,480
google map lỗi định vị,VND,10,0%,0%,Low,0,,,,,,,,10,40,10,10,10,20,20,20,10,10,10,10
cách tìm vị trí trên google map,VND,10,0%,100%,Low,4,,,,,,,,20,10,10,10,10,10,10,10,10,20,10,20
bản đồ tìm vị trí,VND,10,0%,0%,Low,29,,,,,,,,10,10,10,10,10,10,10,10,10,10,10,10
cách định vị trên google map,VND,140,-35%,-21%,Low,6,1040,3899,,,,,,140,110,110,140,170,110,110,140,140,170,110,110
mở google maps,VND,590,0%,0%,Low,9,264,1205,,,,,,590,480,590,590,590,590,590,590,590,720,590,720
tìm đia chỉ trên bản đồ,VND,20,-67%,0%,Low,10,,,,,,,,10,10,10,20,10,10,30,30,20,30,20,10
định vị nhà trên google map,VND,30,-57%,0%,Low,8,,,,,,,,30,20,30,30,20,20,30,30,30,70,30,30
cách đo độ dài trên google map,VND,10,100%,0%,Low,2,,,,,,,,20,10,20,20,10,10,10,10,10,10,10,20
địa chỉ cụ thể của tôi,VND,170,0%,24%,Low,1,,,,,,,,210,170,110,140,170,140,170,170,210,260,260,260
định vị vị trí qua google map,VND,10,0%,0%,Low,19,,,,,,,,10,10,10,10,10,10,10,10,10,10,10,10
cách định vị nhà mình trên google map,VND,20,0%,200%,Low,1,,,,,,,,20,20,10,20,20,10,30,20,20,30,30,30
google map cao bằng,VND,90,0%,-67%,Low,0,,,,,,,,70,140,140,110,70,90,90,90,70,30,50,30
tìm kiếm địa điểm,VND,20,0%,-50%,Low,1,,,,,,,,20,10,30,20,10,10,10,30,20,10,20,10
cách thêm vị trí trên bản đồ,VND,20,-67%,0%,Low,0,,,,,,,,10,20,20,30,20,10,10,10,10,30,20,10
địa điểm bản đồ,VND,10,0%,0%,Low,5,,,,,,,,10,10,10,10,10,10,10,10,10,10,10,10
cách định vị nhà trên bản đồ,VND,10,0%,100%,Low,14,1040,1560,,,,,,10,10,10,10,10,10,20,10,10,20,20,20
cập nhật google map mới nhất,VND,90,0%,-50%,Low,8,1161,3738,,,,,,140,140,90,90,90,90,140,110,110,70,70,70
tạo hành trình trên google map,VND,10,300%,33%,Low,1,,,,,,,,10,10,10,10,10,10,20,10,10,10,10,40
google map tuy hòa,VND,50,-40%,0%,Low,0,,,,,,,,30,40,40,70,40,40,50,40,70,50,40,30
tìm vị trí trên bản đồ,VND,20,-50%,0%,Low,5,,,,,,,,20,20,10,20,10,10,10,20,20,20,20,10
cách định vị vị trí nhà trên google map,VND,50,57%,175%,Low,5,297,2250,,,,,,30,20,20,20,30,40,50,90,70,70,70,110
bản đồ google maps mới nhất,VND,50,-55%,-29%,Low,10,520,2946,,,,,,30,50,40,40,40,40,70,70,90,110,70,50
cách xác định vị trí của mình trên google map,VND,20,-25%,50%,Low,8,,,,,,,,20,20,10,20,10,20,10,10,20,40,20,30
google map vị trí của tôi,VND,390,23%,0%,Low,2,520,2087,,,,,,390,590,390,320,320,480,480,480,480,390,390,480
cách coi nhà trên gg map,VND,20,-50%,0%,Low,0,,,,,,,,10,10,10,20,20,30,20,20,30,40,40,20
tìm nhà trên bản đồ,VND,10,-50%,0%,Low,8,,,,,,,,10,10,10,10,10,10,10,10,10,20,10,10
bản đồ việt nam google maps,VND,140,91%,50%,Low,0,,,,,,,,170,140,140,90,110,110,140,260,170,110,170,210
cách chấm địa điểm trên google map,VND,10,-50%,0%,Low,0,,,,,,,,10,20,10,10,10,10,20,20,10,20,10,10
google map không tìm được vị trí,VND,10,0%,0%,Low,0,,,,,,,,10,30,10,10,10,10,10,10,10,10,10,10
khám phá google map,VND,480,48%,12900%,Low,0,,,,,,,,10,10,30,110,170,210,390,720,880,880,1300,1300
tìm bản đồ,VND,210,0%,0%,Low,17,260,868,,,,,,170,170,210,210,170,170,170,210,210,210,260,210
google map thấy nhà,VND,20,0%,-50%,Low,3,,,,,,,,20,20,30,20,20,20,20,30,20,20,20,20
thêm vị trí trên bản đồ,VND,10,0%,0%,Low,0,,,,,,,,10,10,10,10,10,10,10,10,10,10,10,10
bản đồ trên google,VND,10,0%,0%,Low,17,,,,,,,,10,10,10,10,10,10,10,10,20,10,30,10
định vị bằng google map,VND,20,0%,0%,Low,21,780,3868,,,,,,20,30,20,20,30,20,30,30,20,20,30,20
địa chỉ nhà mình,VND,70,0%,-36%,Low,1,,,,,,,,70,70,70,70,50,70,50,70,70,70,90,70
hướng dẫn định vị vị trí trên google map,VND,10,0%,0%,Low,0,,,,,,,,10,10,10,10,10,10,10,10,10,10,10,10
địa chỉ hiện tại của tôi,VND,9900,22%,-33%,Low,2,260,1300,,,,,,14800,9900,8100,8100,9900,8100,9900,9900,9900,9900,9900,12100
cách lưu định vị trên google map,VND,40,-25%,0%,Low,1,,,,,,,,30,30,40,20,50,50,40,30,30,40,40,30
google map trực tiếp,VND,40,-33%,-50%,Low,16,520,2286,,,,,,50,70,90,50,30,20,30,30,20,30,20,20
bình thuận gg map,VND,40,0%,150%,Low,0,,,,,,,,20,20,20,20,20,20,70,70,90,50,70,50
cách tạo bản đồ trên google map,VND,30,-50%,-75%,Low,1,,,,,,,,40,40,30,40,30,10,50,30,20,20,30,10
bản đồ tìm kiếm,VND,20,-50%,-67%,Medium,35,,,,,,,,10,30,20,20,10,20,20,20,20,20,20,10
google map di chuyển,VND,10,0%,0%,Low,0,,,,,,,,10,20,10,20,10,10,20,20,10,10,10,10
phần mềm google map,VND,50,0%,-25%,Low,32,1031,2339,,,,,,50,50,40,40,40,40,70,50,50,30,30,30
coi hướng trên google map,VND,20,50%,-25%,Low,2,,,,,,,,40,20,30,30,20,10,30,20,20,20,20,30
tìm kiếm địa chỉ nhà,VND,10,0%,0%,Low,14,,,,,,,,10,10,10,10,10,10,0,10,10,10,10,10
maps định vị,VND,170,21%,0%,Low,11,633,1560,,,,,,140,140,210,210,170,170,210,170,110,140,110,170
cách định vị vị trí của mình trên google map,VND,10,0%,0%,Low,14,,,,,,,,10,10,10,10,10,10,10,10,10,10,10,10
cách lưu vị trí,VND,20,0%,100%,Low,1,,,,,,,,20,10,10,20,10,20,20,10,10,20,10,20
mở bản đồ google maps,VND,10,100%,100%,Low,11,,,,,,,,10,10,10,10,10,10,20,10,10,10,10,20
lịch sử tìm kiếm google map,VND,20,100%,100%,Low,0,,,,,,,,20,20,10,30,20,30,30,40,10,10,20,20
địa chỉ của tôi hiện tại,VND,260,23%,-33%,Low,1,260,1040,,,,,,320,210,170,170,260,390,390,320,260,260,260,320
mở google map,VND,590,0%,0%,Low,9,264,1205,,,,,,590,480,590,590,590,590,590,590,590,720,590,720
gửi vị trí trên google map,VND,30,0%,-50%,Low,2,,,,,,,,50,30,20,20,20,20,30,30,10,20,20,20
cách coi địa chỉ nhà,VND,20,0%,-33%,Low,6,,,,,,,,10,10,10,20,20,10,20,10,20,20,20,20
cách xác định hướng trên google map,VND,40,0%,67%,Low,1,,,,,,,,30,20,20,40,20,40,40,30,40,50,40,50
go go map,VND,110,0%,-18%,Low,2,,,,,,,,90,110,90,90,70,90,110,140,140,90,90,90
bản đồ chỉ nhà,VND,10,0%,0%,Low,0,,,,,,,,10,10,10,10,10,10,10,10,0,10,10,10
gửi vị trí google map,VND,20,0%,0%,Low,4,,,,,,,,10,20,30,10,20,20,40,30,20,20,20,20
google map có hình ảnh,VND,50,-29%,-29%,Low,3,,,,,,,,50,50,70,50,50,40,70,50,70,70,50,50
cách định vị google maps,VND,40,67%,67%,Low,3,,,,,,,,40,30,50,40,50,30,50,30,50,30,40,50
lỗi google map không định vị được,VND,10,0%,0%,Low,4,,,,,,,,10,50,10,20,10,10,10,10,10,10,10,10
gửi vị trí qua google map,VND,20,-67%,0%,Low,0,,,,,,,,10,50,30,30,30,30,10,10,30,30,10,10
tạo bản đồ trên google map,VND,40,-50%,-50%,Low,0,,,,,,,,50,50,50,30,40,30,40,40,40,40,30,20
ban do google map,VND,90,0%,-44%,Low,0,,,,,,,,110,140,70,110,90,50,110,90,90,50,70,50
cách tìm nhà trên bản đồ,VND,10,0%,0%,Low,6,,,,,,,,10,10,10,10,10,10,10,10,10,10,10,10
mở maps,VND,40,40%,0%,Low,3,,,,,,,,40,40,30,30,40,30,50,40,40,50,50,70
dòng thời gian google map,VND,90,457%,875%,Low,0,,,,,,,,50,40,50,70,70,70,50,70,70,70,70,390
đo độ dài trên google map,VND,10,0%,0%,Low,0,,,,,,,,10,20,20,10,20,10,10,10,10,10,20,10
xác định hướng trên google map,VND,50,-29%,0%,Low,0,,,,,,,,70,50,70,50,30,40,70,50,50,70,70,50
tìm địa điểm,VND,260,0%,24%,Low,2,699,3749,,,,,,260,260,210,210,210,210,260,320,320,260,260,260
cách cắm vị trí trên google map,VND,20,-67%,0%,Low,1,,,,,,,,30,20,20,30,20,20,30,30,20,30,20,10
định vị map,VND,50,40%,40%,Low,7,1159,2339,,,,,,50,50,50,50,50,50,70,70,70,50,50,70
cách đưa hình ảnh lên google maps,VND,10,0%,0%,Low,0,,,,,,,,10,10,10,10,10,10,10,10,10,10,10,10
google map chi tiết,VND,20,200%,50%,Low,4,,,,,,,,20,30,20,10,10,20,20,10,10,10,20,30
định vị google map bị sai,VND,30,100%,100%,Low,0,,,,,,,,20,30,20,30,30,30,30,40,40,20,20,40
google map hình ảnh,VND,320,0%,22%,Low,1,1820,3379,,,,,,260,320,390,320,260,260,320,320,390,390,390,390
bản đồ về nhà,VND,10,0%,0%,Low,8,,,,,,,,10,10,10,10,10,10,20,10,10,10,10,10
bản đồ tìm nhà,VND,20,-50%,0%,Low,2,,,,,,,,10,20,20,10,20,20,20,10,10,20,20,10
định vị qua google map,VND,30,0%,-33%,Low,6,,,,,,,,30,20,30,30,20,30,30,30,20,20,30,20
cách đo trên bản đồ,VND,10,0%,0%,Low,6,,,,,,,,20,10,20,20,20,10,10,10,10,10,10,10
chuyển google map sang tiếng việt,VND,20,150%,67%,Low,0,,,,,,,,20,20,20,20,20,20,20,20,10,20,50,50
gg map có cần mạng không,VND,50,56%,100%,Low,0,,,,,,,,70,50,50,20,10,20,20,20,50,90,70,140
xác định vị trí trên google map,VND,10,0%,0%,Low,0,,,,,,,,10,10,10,20,10,10,10,10,10,10,10,10
cách gửi định vị trên google map,VND,110,-35%,57%,Low,1,,,,,,,,70,90,90,90,90,90,110,110,170,170,170,110
google map bản mới nhất,VND,10,0%,0%,Low,5,,,,,,,,10,10,10,10,10,10,10,10,10,10,10,10
cách cắm định vị trên google map,VND,20,0%,0%,Low,0,,,,,,,,10,20,20,20,10,20,20,20,20,20,10,20
cách cài định vị trên google map,VND,20,-25%,50%,Low,1,,,,,,,,10,30,30,10,20,10,20,20,40,40,20,30
địa chỉ tôi,VND,50,0%,80%,Low,0,,,,,,,,50,50,30,40,50,50,70,50,50,90,90,90
google map thực tế,VND,20,0%,0%,Low,4,,,,,,,,20,20,30,10,20,10,20,30,20,20,20,20
google vị trí,VND,480,23%,127%,Low,3,196,2850,,,,,,210,390,590,480,480,590,590,480,260,480,390,590
lịch sử di chuyển google map,VND,40,80%,125%,Low,0,,,,,,,,30,30,20,50,40,40,40,50,50,50,40,90
dùng google map không cần mạng,VND,10,0%,0%,Low,4,,,,,,,,10,10,10,10,10,10,10,10,10,10,10,10
cách dùng google map khi không có mạng,VND,10,-33%,100%,Low,1,,,,,,,,10,10,10,10,10,10,10,20,10,30,20,20
cách đưa ảnh lên google map,VND,10,0%,0%,Low,0,,,,,,,,10,10,10,10,10,10,10,10,10,10,10,10
cách định vị bằng google map,VND,10,0%,0%,Low,17,,,,,,,,10,10,10,10,10,10,10,10,10,10,10,10
google map định vị,VND,590,-18%,-76%,Low,6,780,2841,,,,,,480,590,590,720,720,880,1000,880,590,170,170,140
lỗi định vị google map,VND,20,0%,-50%,Low,0,,,,,,,,10,50,20,10,20,40,30,30,20,10,20,10
bản đồ google mới nhất,VND,10,0%,-50%,Low,11,,,,,,,,20,10,10,10,10,10,50,30,10,10,10,10
bản đồ tại đây,VND,10,-50%,0%,Low,19,,,,,,,,10,20,10,10,10,10,10,10,20,20,20,10
cách nhìn thấy nhà trên bản đồ,VND,10,0%,-50%,Medium,43,,,,,,,,10,10,10,10,10,10,10,10,10,10,10,10
google map có cần mạng không,VND,90,-36%,40%,Low,0,,,,,,,,50,50,50,90,110,110,90,70,70,110,140,70
hình ảnh google map,VND,140,-35%,-21%,Low,0,,,,,,,,170,140,140,140,110,90,110,110,140,170,90,110
chỉnh google map sang tiếng việt,VND,20,50%,0%,Low,3,,,,,,,,20,20,20,20,30,30,30,30,10,20,20,30
cách mở bản đồ,VND,10,0%,0%,Low,0,,,,,,,,10,10,10,10,10,10,10,10,10,10,10,10
cách gửi định vị trên google maps,VND,110,-35%,57%,Low,1,,,,,,,,70,90,90,90,90,90,110,110,170,170,170,110
cách định vị trên bản đồ,VND,10,0%,0%,Low,22,,,,,,,,10,20,10,10,10,10,20,10,10,10,10,10
cập nhật vị trí của tôi,VND,20,0%,0%,Low,13,780,1040,,,,,,10,10,20,10,20,10,20,30,30,20,20,20
google ban do,VND,20,-50%,-67%,Low,4,,,,,,,,20,30,20,40,30,20,20,10,10,20,10,10
địa điểm của tôi,VND,320,-19%,0%,Low,1,,,,,,,,320,260,260,320,260,320,320,320,320,480,480,390
cách định vị qua google map,VND,20,100%,-33%,Low,7,,,,,,,,20,20,20,20,20,20,30,20,20,10,30,20
cách tìm vị trí hiện tại trên google map,VND,10,0%,0%,Low,20,,,,,,,,10,10,10,10,10,10,20,10,20,10,10,10
cách định vị vị trí trên google map,VND,140,0%,57%,Low,6,260,2339,,,,,,50,110,90,110,170,140,170,210,170,110,110,110
google map bị lỗi không định vị được,VND,90,0%,-44%,Low,0,,,,,,,,50,260,70,90,70,90,90,90,70,50,50,50
bản đồ của tôi,VND,110,22%,-35%,Low,3,260,1471,,,,,,170,170,70,90,70,70,140,110,110,90,110,110
đo vị trí trên bản đồ,VND,10,0%,-67%,Low,23,,,,,,,,20,20,10,10,10,10,10,10,10,10,10,10
bản đồ gần nhất,VND,10,0%,0%,Low,17,,,,,,,,10,10,10,10,10,10,10,10,10,10,10,10
bản đồ trực tuyến google maps,VND,20,0%,100%,Low,11,1124,3639,,,,,,10,20,20,10,30,20,30,30,40,20,20,20
cách dùng google map không cần mạng,VND,40,-50%,-60%,Low,2,,,,,,,,70,30,30,50,40,40,40,40,30,40,30,20
tìm kiếm bản đồ,VND,320,0%,0%,Low,24,265,1231,,,,,,320,390,320,320,320,260,320,260,320,320,320,320
cách chấm định vị trên google map,VND,40,-50%,0%,Low,1,,,,,,,,30,30,50,40,30,20,50,40,40,40,40,20
chỗ ở hiện tại của tôi,VND,1300,26%,85%,Low,2,260,1040,,,,,,1300,880,880,880,880,720,1000,1000,1900,1900,1900,2400
đo khoang cách trên google map,VND,2900,22%,52%,Low,2,114,3656,,,,,,2400,1900,1900,1900,1900,1900,3600,3600,3600,3600,2900,4400
cập nhật vị trí hiện tại,VND,9900,0%,-33%,Low,1,520,1832,,,,,,9900,8100,9900,8100,8100,12100,9900,8100,9900,9900,9900,9900
bản đồ nhà tôi,VND,170,23%,191%,Low,1,374,1121,,,,,,110,110,110,70,70,50,140,140,210,260,320,320
vẽ bản đồ trên google map,VND,50,0%,-73%,Low,0,,,,,,,,90,70,50,50,40,20,40,40,40,30,30,30
ảnh google map,VND,110,0%,-21%,Low,0,,,,,,,,170,140,110,110,110,90,110,90,110,110,90,110
cách cập nhật bản đồ mới nhất,VND,10,0%,0%,Low,17,,,,,,,,10,10,10,10,10,10,10,10,10,10,10,10
map không cần mạng,VND,10,0%,0%,Low,19,,,,,,,,10,10,10,10,10,10,10,10,10,10,10,10
định vị trên google,VND,20,-50%,-50%,Low,16,,,,,,,,10,10,20,10,20,10,10,20,30,20,20,10
google map ho chi minh,VND,590,-19%,-19%,Low,3,283,5081,,,,,,590,480,590,720,720,590,720,590,590,590,590,480
google maps 2012,VND,20,0%,-67%,Low,0,,,,,,,,20,10,10,10,20,20,20,20,10,10,20,10
ảnh gg map,VND,90,0%,-18%,Low,0,,,,,,,,110,140,70,70,70,50,90,110,90,90,70,90
cách xác định vị trí trên google map,VND,10,0%,100%,Low,5,,,,,,,,10,10,20,10,10,10,10,20,10,20,20,20
tạo địa chỉ google,VND,10,0%,0%,Low,16,,,,,,,,10,10,10,10,20,10,10,10,10,10,10,10
gg vị trí,VND,70,0%,-22%,Low,1,,,,,,,,70,70,70,70,90,50,70,90,90,70,70,70
cập nhật vị trí hiện tại của tôi,VND,40,33%,-20%,Low,6,,,,,,,,50,40,40,40,30,50,40,20,40,30,40,40
truy cập bản đồ,VND,10,0%,0%,Low,18,,,,,,,,10,10,10,10,10,10,10,10,10,10,10,10
cách sử dụng google map khi không có mạng,VND,10,0%,0%,Low,1,,,,,,,,10,10,10,10,10,10,10,10,10,10,10,10
chỗ ở của tôi,VND,70,-21%,57%,Low,0,,,,,,,,90,70,40,30,70,50,90,90,110,140,110,110
chỗ hiện tại của tôi,VND,390,-19%,85%,Low,2,260,780,,,,,,260,210,260,390,320,590,480,480,590,590,390,480
xác định vị trí trên bản đồ,VND,10,0%,0%,Low,10,,,,,,,,20,20,20,10,10,10,10,10,20,10,10,10
cách lấy vị trí hiện tại trên google map,VND,20,-33%,-60%,Low,0,,,,,,,,40,10,10,20,20,10,10,10,40,30,20,20
bản đồ thấy rõ nhà,VND,10,0%,0%,Low,30,1560,2250,,,,,,10,10,10,10,10,10,10,10,10,10,10,10
cài map,VND,10,0%,0%,Low,19,,,,,,,,10,10,10,10,10,10,10,10,10,10,10,10
vị trí hiện tại của tôi trên bản đồ,VND,30,0%,0%,Low,8,,,,,,,,20,30,20,20,10,20,20,30,20,30,40,30
cách gửi vị trí google map,VND,10,100%,0%,Low,1,,,,,,,,10,10,20,20,10,10,10,10,20,10,10,20
cách dùng gg map không cần mạng,VND,40,-50%,-60%,Low,2,,,,,,,,70,30,30,50,40,40,40,40,30,40,30,20
cách tìm vị trí trên bản đồ,VND,10,0%,-50%,Low,6,,,,,,,,20,10,10,10,10,10,10,10,10,10,10,10
cách gửi định vị qua google map,VND,10,0%,0%,Low,2,,,,,,,,10,10,10,10,10,10,10,10,10,10,10,10
định vị trên bản đồ,VND,20,0%,0%,Low,0,,,,,,,,20,10,30,20,10,10,20,20,20,10,30,10
bản đồ thấy nhà,VND,90,0%,1600%,Low,1,,,,,,,,10,20,10,20,40,40,50,70,110,170,260,170
bản đồ vị trí hiện tại của tôi,VND,70,56%,1300%,Low,6,780,2548,,,,,,20,20,20,20,30,40,30,110,110,90,170,140
má google,VND,3600,-18%,1977%,Low,0,,,,,,,,170,260,320,1300,1900,1600,4400,8100,5400,6600,5400,5400
vị trí hiện tại của tôi trên google map,VND,20,0%,100%,Low,0,,,,,,,,10,10,40,10,10,20,20,10,10,20,20,20
cách tìm địa chỉ nhà,VND,20,-50%,-50%,Low,0,,,,,,,,40,20,20,10,20,20,10,20,20,20,20,10
bản đồ vị trí của tôi,VND,390,0%,181%,Low,2,520,2080,,,,,,210,170,170,210,260,320,320,390,590,590,590,590
maps mới nhất,VND,140,27%,0%,Low,9,1040,2944,,,,,,140,110,110,110,140,90,210,140,170,110,110,140
định vị vị trí trên bản đồ,VND,10,0%,0%,Low,17,,,,,,,,10,10,10,10,20,10,10,20,10,10,10,10
bản đồ chỉ,VND,20,-33%,100%,Low,15,696,2265,,,,,,30,20,20,20,10,10,10,10,10,30,20,20
cho tôi coi bản đồ,VND,10,0%,0%,Low,11,,,,,,,,10,10,10,10,10,10,10,10,10,10,10,10
hình ảnh google map mới nhất,VND,10,0%,-50%,Low,0,,,,,,,,10,10,10,20,20,10,10,10,10,10,20,10
bản đồ tìm,VND,10,0%,0%,Low,7,,,,,,,,10,10,10,10,10,10,10,10,10,10,10,10
trên bản đồ,VND,390,0%,0%,Low,3,,,,,,,,170,720,590,390,1000,390,480,260,170,110,110,110
vị trí của tôi trên bản đồ,VND,50,-73%,-25%,Low,12,1040,1560,,,,,,30,20,30,10,20,40,20,90,110,110,50,30
google map không cần mạng,VND,20,200%,50%,Low,20,260,899,,,,,,10,20,30,10,10,10,10,20,20,10,20,30
lên bản đồ,VND,10,0%,0%,Low,10,,,,,,,,10,10,10,10,10,10,10,10,10,10,10,10
vị trí hiện tại của mình,VND,720,60%,233%,Low,5,260,1040,,,,,,590,480,390,390,480,480,480,390,390,1000,1900,1600
vị trí tôi,VND,1000,-33%,82%,Low,2,383,1300,,,,,,720,590,480,590,590,720,1300,1300,1300,2400,1900,1600
cách vẽ bản đồ trên google map,VND,40,133%,0%,Low,0,,,,,,,,70,40,10,20,30,30,40,30,40,30,40,70
định vị địa điểm trên bản đồ,VND,10,∞,0%,Low,0,,,,,,,,10,10,10,10,20,10,10,10,10,0,0,10
vị trí của tôi map,VND,90,436%,743%,Low,1,429,829,,,,,,30,30,50,50,30,40,10,50,30,110,90,590
vị trí hiện tại của tôi là,VND,590,21%,-65%,Low,1,,,,,,,,590,590,590,480,390,590,720,1300,1600,140,260,170
cách xác định vị trí hiện tại trên google map,VND,20,33%,33%,Low,4,,,,,,,,20,10,10,20,20,30,20,10,10,30,30,40
vị trí hiện,VND,170,-88%,0%,Low,1,,,,,,,,170,90,90,40,50,70,110,90,90,880,390,110
tìm kiếm chỗ,VND,10,0%,0%,Low,0,,,,,,,,10,10,10,20,10,10,10,20,10,10,20,10
cách lấy vị trí trên bản đồ,VND,10,0%,0%,Low,24,,,,,,,,10,10,10,30,10,10,10,20,10,10,10,10
bản đồ cập nhật mới nhất,VND,40,33%,-20%,Low,25,780,2339,,,,,,40,50,50,40,40,50,40,40,50,30,30,40
mở bản đồ,VND,320,-18%,-18%,Low,8,260,1300,,,,,,320,320,260,320,320,260,320,320,320,390,390,320
bản đồ vị trí hiện tại,VND,4400,26%,-64%,Low,5,520,1560,,,,,,6600,6600,6600,6600,5400,1900,1300,5400,1300,1900,3600,2400
lấy vị trí trên google map,VND,50,-20%,100%,Low,0,,,,,,,,30,50,40,50,40,40,70,70,70,50,70,40
map vị trí hiện tại,VND,40,0%,133%,Low,8,520,2697,,,,,,20,50,30,50,30,70,40,20,20,70,40,70
có bản đồ,VND,10,0%,0%,Low,11,,,,,,,,10,10,10,10,10,10,10,10,10,10,10,10
cách lấy vị trí trên google map,VND,110,-18%,180%,Low,2,336,1040,,,,,,50,90,140,110,110,70,170,90,90,170,210,140
cách xác định hướng nhà trên google map,VND,40,67%,67%,Low,0,,,,,,,,20,40,20,40,50,40,30,30,30,30,50,50
google map kinh dị,VND,260,23%,860%,Low,0,,,,,,,,40,40,70,140,140,170,210,320,480,390,480,480
logo gg map,VND,390,23%,50%,Low,0,,,,,,,,390,480,480,390,390,260,480,390,390,390,390,480
số nhà hiện tại của tôi,VND,40,0%,40%,Low,1,,,,,,,,40,40,20,20,20,30,40,30,30,70,50,70
xóa tìm kiếm google map,VND,30,-50%,0%,Low,2,,,,,,,,30,10,20,30,40,30,10,20,50,40,30,20
chỗ của tôi,VND,320,0%,181%,Low,0,,,,,,,,170,90,140,110,140,210,320,320,390,590,590,590
cách xác định vị trí trên bản đồ,VND,20,-50%,0%,Low,12,,,,,,,,20,30,20,20,10,10,10,10,10,20,10,10
gg map nhật bản,VND,50,25%,67%,Low,0,,,,,,,,40,30,50,50,70,30,40,40,50,40,50,50
bản đồ ở đây,VND,20,200%,50%,Low,5,,,,,,,,20,20,10,20,10,20,20,30,30,10,30,30
xác định cao độ trên google map,VND,10,0%,0%,Low,0,,,,,,,,10,20,30,10,10,10,10,10,10,10,10,10
địa chỉ vị trí của tôi,VND,50,0%,133%,Low,1,,,,,,,,50,70,40,30,50,30,50,50,50,70,70,70
vị trí bản đồ của tôi,VND,10,0%,-50%,Low,0,,,,,,,,10,20,10,10,10,20,20,10,10,10,20,10
bản đồ bản đồ,VND,90,22%,0%,Medium,41,166,900,,,,,,90,110,90,90,70,90,90,90,70,90,90,110
maps google hà nội,VND,50,0%,-29%,Low,0,,,,,,,,70,70,50,30,50,30,90,90,70,50,40,50
sử dụng google map khi không có mạng,VND,10,0%,0%,Low,3,,,,,,,,10,10,10,10,10,10,10,10,10,10,10,10
xác định hướng nhà trên google map,VND,20,0%,-50%,Low,0,,,,,,,,30,30,40,20,30,20,20,10,20,10,10,10
maps việt nam,VND,2900,0%,-33%,Medium,44,733,2339,,,,,,3600,3600,2900,2900,2900,2900,3600,2900,2900,2400,2400,2400
google vị trí của tôi,VND,20,-33%,-33%,Low,6,,,,,,,,10,20,20,20,10,20,40,10,30,30,20,20
cho tôi bản đồ,VND,30,40%,600%,Low,20,260,495,,,,,,10,20,10,10,10,10,20,20,50,50,70,70
định vị vị trí hiện tại của tôi,VND,590,60%,2186%,Low,7,520,1820,,,,,,90,90,90,140,90,140,320,880,1300,1000,880,1600
địa chỉ google,VND,110,-21%,0%,Low,0,,,,,,,,110,110,140,110,110,110,170,140,110,140,140,110
bản đồ hiện tại,VND,110,-21%,0%,Low,6,260,4175,,,,,,170,140,110,90,70,90,110,140,110,140,140,110
cách dùng google map ngoại tuyến,VND,10,0%,0%,Low,0,,,,,,,,0,10,10,10,10,10,10,10,10,10,10,10
vẽ trên google map,VND,40,-40%,-79%,Low,0,,,,,,,,50,50,40,50,30,20,50,50,50,50,30,30
vị trí của tôi hiện tại,VND,6600,0%,238%,Low,2,261,1300,,,,,,2400,2900,2900,3600,3600,6600,8100,9900,9900,8100,8100,8100
cách định vị vị trí trên bản đồ,VND,10,0%,0%,Low,5,,,,,,,,20,10,10,10,10,10,20,10,20,10,10,10
định vị địa chỉ nhà,VND,20,100%,0%,Low,16,780,1675,,,,,,20,20,20,10,10,10,20,10,10,10,20,20
vị trí hiện tại của bạn,VND,2900,22%,408%,Low,1,260,1472,,,,,,1900,880,590,880,1300,1600,2400,3600,4400,5400,5400,6600
cách chấm vị trí trên bản đồ,VND,10,0%,0%,Low,2,,,,,,,,10,20,20,20,20,10,10,20,10,10,10,10
định vị địa điểm hiện tại,VND,10,0%,0%,Medium,48,,,,,,,,10,10,10,0,10,10,10,10,10,10,10,10
cách chấm vị trí trên google map,VND,30,-33%,0%,Low,1,,,,,,,,40,30,50,30,40,30,40,30,30,30,40,20
vị trí của tôi đang ở chỗ nào,VND,20,0%,-80%,Low,3,,,,,,,,40,20,30,10,40,10,10,10,10,10,10,10
vị trí của tôi hiện nay,VND,50,-29%,150%,Low,12,261,1300,,,,,,20,20,20,20,20,30,50,140,110,70,50,50
xóa tìm kiếm trên google map,VND,40,150%,-29%,Low,1,,,,,,,,40,30,30,30,40,40,40,30,30,20,50,50
xác định vị trí của tôi,VND,90,21%,240%,Low,8,365,1166,,,,,,50,40,50,50,70,70,90,70,90,140,110,170
địa chỉ hiện tại của mình,VND,20,100%,0%,Low,6,,,,,,,,10,10,20,70,50,10,10,20,10,10,20,20
định vị hiện tại,VND,210,0%,53%,Low,13,417,2387,,,,,,170,140,140,170,170,170,260,210,210,260,260,260
cho bản đồ,VND,30,0%,200%,Low,8,,,,,,,,30,20,30,30,20,10,20,10,30,30,40,30
định vị chỗ của tôi,VND,20,-40%,200%,Low,14,520,1040,,,,,,10,10,10,20,20,10,10,20,40,50,20,30
cách đưa bản đồ lên google map,VND,10,0%,0%,Low,0,,,,,,,,10,10,20,10,10,10,20,10,20,10,10,10
cập nhật bản đồ mới nhất,VND,20,-50%,-80%,Low,18,780,2001,,,,,,30,30,20,20,10,20,30,20,20,20,30,10
tôi muốn tìm bản đồ,VND,10,0%,0%,Medium,54,,,,,,,,10,10,10,10,10,10,10,10,0,10,10,10
vị trí của bạn,VND,9900,-18%,-33%,Low,4,266,1300,,,,,,18100,9900,8100,14800,6600,6600,6600,6600,8100,12100,9900,9900
tra map,VND,140,0%,-35%,Low,1,,,,,,,,170,140,140,140,140,90,140,170,110,110,140,110
cách vẽ trên google map,VND,30,-25%,-67%,Low,0,,,,,,,,40,40,40,30,20,10,30,40,50,40,40,30
cách cập nhật google maps,VND,70,0%,0%,Low,0,,,,,,,,70,70,40,50,70,70,170,70,70,70,70,70
cách biết địa chỉ nhà của mình,VND,20,300%,33%,Low,3,,,,,,,,20,20,20,20,10,10,20,10,20,10,30,40
bản đồ tôi,VND,10,0%,0%,Low,13,,,,,,,,20,10,20,10,10,10,10,10,10,10,10,10
bản đô map,VND,880,0%,14%,Low,4,500,1824,,,,,,720,880,880,880,880,720,1000,1000,1000,1000,1000,1000
cách lấy định vị trên google map,VND,140,27%,0%,Low,2,112,4567,,,,,,110,140,140,140,140,90,140,110,140,110,170,140
định vị chỗ ở hiện tại của tôi,VND,30,50%,50%,Low,17,780,1560,,,,,,40,20,20,30,30,20,20,30,20,20,30,30
google map thế giới,VND,720,230%,1281%,Low,0,,,,,,,,260,260,320,260,320,320,480,480,390,880,2400,2900
tích hợp google map vào website,VND,10,0%,0%,Low,2,,,,,,,,10,10,10,10,10,10,10,10,10,10,10,10
vị trí google,VND,70,57%,0%,Low,6,510,780,,,,,,70,70,70,70,70,50,70,90,70,70,70,110
địa điểm hiện tại của tôi,VND,390,-18%,23%,Low,2,260,1300,,,,,,390,260,260,210,210,320,390,390,590,720,720,590
bản đồ có hình ảnh,VND,10,0%,0%,Low,22,780,2551,,,,,,10,10,10,30,10,10,10,10,10,10,10,10
hiện bản đồ,VND,10,0%,0%,Low,17,,,,,,,,10,10,10,10,10,10,10,10,10,10,10,10
gửi định vị gg map,VND,20,0%,0%,Low,0,,,,,,,,10,20,20,30,20,10,10,20,10,10,20,10
map ban do,VND,590,48%,306%,Low,0,,,,,,,,390,390,390,390,390,320,590,590,720,880,1000,1300
cách định vị bản đồ,VND,10,0%,0%,Low,27,,,,,,,,10,10,10,10,10,10,10,10,10,10,10,10
định vị vị trí của tôi,VND,390,0%,50%,Low,5,520,1300,,,,,,260,260,260,260,260,260,320,390,390,480,480,480
địa điểm hiện tại,VND,590,-33%,84%,Low,2,260,599,,,,,,260,390,320,480,480,590,590,590,590,880,720,590
cách biết địa chỉ nhà mình,VND,30,-67%,-86%,Low,0,,,,,,,,50,50,30,30,20,40,30,40,10,30,30,10
maps an giang,VND,390,0%,-18%,Low,1,,,,,,,,320,480,390,390,390,320,590,590,390,320,260,320
dò bản đồ,VND,10,0%,0%,Low,0,,,,,,,,10,10,10,10,10,10,10,10,10,10,10,10
vị trí nhà của tôi,VND,210,23%,52%,Low,4,260,860,,,,,,170,140,140,170,140,170,210,210,170,260,260,320
gửi định vị google map,VND,20,50%,50%,Low,1,,,,,,,,20,20,30,10,20,20,20,30,20,20,20,30
map nhà,VND,20,100%,0%,Low,0,,,,,,,,20,20,10,10,10,10,20,10,10,10,20,20
tìm vị trí hiện tại của tôi,VND,50,-36%,250%,Low,13,520,2859,,,,,,20,20,20,30,20,50,50,70,70,110,70,70
lưu vị trí,VND,10,0%,-50%,Low,7,,,,,,,,30,10,20,20,10,10,20,10,10,10,10,10
hà nội google map,VND,90,-18%,-18%,Low,1,,,,,,,,90,110,110,90,110,90,110,70,90,110,110,90
google map hà nội mới nhất,VND,20,600%,600%,Low,1,,,,,,,,10,10,10,10,10,10,20,10,10,10,30,70
google map bản đồ thế giới,VND,20,0%,0%,Low,6,,,,,,,,10,10,50,10,10,10,20,10,20,10,10,10
cách định vị người khác trên google map,VND,10,-67%,-50%,Medium,47,2097,6982,,,,,,20,20,10,10,10,20,10,10,10,30,20,10
cách định vị địa điểm,VND,10,0%,0%,Medium,36,520,1842,,,,,,10,10,10,10,10,10,10,10,10,10,10,10
định vị địa chỉ,VND,40,0%,0%,Low,16,520,1560,,,,,,50,40,50,20,40,50,40,30,40,40,50,40
bản đồ lên,VND,10,0%,0%,Low,0,,,,,,,,10,10,20,20,10,10,10,10,10,10,10,10
bạn đồ,VND,880,0%,0%,Low,24,365,1217,,,,,,880,880,880,720,590,880,880,880,880,720,880,720
cách chèn google map vào website,VND,10,0%,0%,Low,0,,,,,,,,10,10,10,10,20,10,10,10,10,10,10,10
google maps hà nội,VND,6600,0%,-45%,Low,0,265,1575,,,,,,8100,9900,8100,6600,5400,3600,6600,6600,6600,5400,4400,5400
bản đồ gmap việt nam,VND,20,0%,0%,Low,4,,,,,,,,10,20,20,20,20,10,30,20,10,10,20,10
trí của tôi,VND,50,0%,-29%,Low,5,460,780,,,,,,40,20,40,40,20,50,40,50,50,50,70,50
bản đồ về,VND,30,0%,200%,Low,16,,,,,,,,20,20,20,20,30,20,30,20,20,30,20,30
cách biết địa chỉ nhà,VND,10,0%,0%,Low,1,,,,,,,,20,10,10,20,10,10,10,10,10,20,20,20
định vị vị trí của tôi hiện tại,VND,20,-25%,200%,Low,8,,,,,,,,10,10,10,10,10,10,30,40,30,40,30,30
hiện tại của tôi,VND,70,0%,57%,Low,4,514,1300,,,,,,50,50,40,30,40,70,90,90,90,110,110,110
cách đăng ký doanh nghiệp trên google,VND,10,-100%,-100%,Unknown,,,,,,,,,10,10,10,10,10,10,10,10,10,10,10,0
kiểm tra vị trí hiện tại,VND,10,0%,0%,Low,8,,,,,,,,10,10,10,10,10,10,10,10,20,10,10,10
định vị địa chỉ hiện tại,VND,40,-20%,-20%,Low,20,780,1820,,,,,,30,40,50,50,40,50,70,40,40,50,40,40
bản đồ google map hà nội,VND,30,-80%,-67%,Low,0,,,,,,,,50,20,40,40,20,20,20,20,30,50,20,10
google map ngoại tuyến,VND,50,40%,75%,Low,6,221,780,,,,,,50,50,40,50,40,50,50,50,40,50,70,70
định vị địa điểm,VND,20,0%,0%,Low,30,520,780,,,,,,20,20,20,20,20,20,20,40,30,10,20,10
bản đồ trên mạng,VND,10,0%,0%,Low,6,,,,,,,,20,10,10,10,10,10,20,10,10,10,10,10
maps 2,VND,40,100%,33%,Low,0,,,,,,,,30,30,30,30,50,30,50,40,40,20,30,40
cách gửi định vị google map,VND,70,-20%,-20%,Low,1,,,,,,,,50,90,110,90,50,70,90,70,40,50,50,40
địa chỉ hiện tại,VND,4400,22%,50%,Low,1,260,1040,,,,,,4400,3600,2900,3600,3600,2900,4400,4400,5400,5400,5400,6600
map trực tuyến,VND,50,0%,0%,Low,6,520,1040,,,,,,50,70,70,50,40,30,50,30,50,40,20,40
vẽ trên bản đồ,VND,40,-50%,-99%,Low,0,,,,,,,,140,90,50,30,50,20,20,30,20,20,20,10
cách tạo bản đồ,VND,30,0%,-50%,Low,0,,,,,,,,20,30,30,10,30,30,30,20,30,20,20,20
cách lưu bản đồ,VND,10,0%,0%,Low,0,,,,,,,,10,10,10,10,10,10,10,10,10,10,10,10
từ vị trí của tôi,VND,170,243%,129%,Low,1,394,1504,,,,,,210,30,50,70,70,170,140,260,210,140,320,480
địa chỉ vị trí hiện tại,VND,40,-20%,-20%,Low,3,,,,,,,,40,20,20,20,30,20,40,30,40,50,50,40
đưa bản đồ lên google map,VND,10,-67%,-50%,Low,0,,,,,,,,10,20,10,10,10,10,20,10,10,30,10,10
vị trí định vị của tôi,VND,20,0%,50%,Low,16,260,780,,,,,,10,10,10,10,20,10,20,20,20,30,30,30
bản đồ cho,VND,10,0%,0%,Low,0,,,,,,,,10,10,10,10,10,10,10,10,10,10,10,10
bản đồ map mới nhất,VND,70,0%,40%,Low,14,849,3532,,,,,,70,90,90,90,70,50,90,90,70,70,70,70
tìm vị trí của tôi,VND,170,-33%,27%,Low,13,520,1820,,,,,,140,90,90,70,90,110,260,320,480,210,170,140
ảnh google map mới nhất,VND,10,0%,0%,Low,0,,,,,,,,20,10,10,20,10,10,10,20,10,10,10,10
kiếm bản đồ,VND,10,0%,0%,Medium,35,,,,,,,,10,10,10,10,10,10,10,10,10,10,10,10
địa điểm,VND,8100,-19%,-19%,Low,0,1520,17206,,,,,,8100,9900,9900,9900,9900,6600,9900,9900,8100,8100,8100,6600
chỉ bản đồ,VND,10,0%,0%,Low,9,,,,,,,,10,10,10,10,10,10,20,10,10,20,20,20
google map địa hình,VND,10,0%,0%,Low,19,,,,,,,,20,10,20,10,30,10,20,10,20,10,10,10
cách lấy vị trí hiện tại,VND,20,100%,100%,Low,16,520,1316,,,,,,10,20,10,10,10,10,10,10,20,10,30,20
lịch sử vị trí,VND,50,600%,367%,Low,0,,,,,,,,30,40,50,50,30,40,30,30,30,20,30,140
ho chi minh google map,VND,40,0%,0%,Low,0,,,,,,,,20,20,40,30,30,30,40,50,50,30,30,30
cách để biết địa chỉ nhà,VND,10,0%,0%,Low,6,,,,,,,,20,10,10,10,10,10,10,10,0,10,10,10
tìm địa chỉ,VND,720,22%,-12%,Low,0,260,780,,,,,,720,720,720,720,590,480,720,720,720,720,720,880
bản đồ vị trí tôi đang ở,VND,10,0%,0%,Low,17,,,,,,,,10,10,10,10,10,10,10,10,10,10,10,10
cách gửi vị trí trên bản đồ,VND,10,0%,0%,Low,4,,,,,,,,10,10,10,10,10,10,10,10,10,10,10,10
map hình ảnh,VND,50,0%,-29%,Low,3,,,,,,,,70,50,40,30,50,30,40,40,30,50,50,50
cách định vị địa chỉ,VND,10,0%,0%,Low,28,331,1388,,,,,,10,10,10,10,10,10,10,10,10,10,10,10
vị trí gần đây,VND,90,0%,100%,Low,2,260,1651,,,,,,110,90,70,50,50,90,90,90,90,140,110,140
bản đồ nhà,VND,110,-36%,0%,Low,2,,,,,,,,110,170,90,90,90,70,70,90,70,140,110,90
địa chỉ tại đây,VND,320,22%,22%,Low,1,,,,,,,,390,320,260,260,260,210,320,390,320,320,390,390
định vị vị trí hiện tại,VND,320,-18%,321%,Low,23,520,1855,,,,,,90,110,110,170,170,260,320,390,590,720,720,590
trí hiện tại,VND,10,-50%,0%,Low,0,,,,,,,,10,10,10,10,10,20,10,20,10,20,10,10
bản đồ hình ảnh,VND,30,0%,0%,Low,14,,,,,,,,20,40,30,30,20,30,30,40,20,30,40,30
bản đồ thế giới google map,VND,1000,515%,5900%,Low,0,,,,,,,,70,70,70,140,170,210,390,390,480,390,8100,2400
bản đồ địa chỉ,VND,40,0%,-20%,Low,18,,,,,,,,40,30,70,50,40,40,50,50,30,40,50,40
vị trí hiện tại của tôi đang ở,VND,3600,-18%,86%,Low,1,264,1040,,,,,,3600,2400,1300,1300,1300,1600,2900,3600,5400,6600,8100,5400
xóa lịch sử tìm kiếm google map trên điện thoại,VND,30,-40%,0%,Low,0,,,,,,,,30,20,20,20,50,30,20,20,50,50,30,30
bản đồ trên điện thoại,VND,1900,52%,43900%,Low,0,,,,,,,,10,10,50,390,1300,1600,2400,2400,2900,2900,3600,4400
bản đồ trong nhà,VND,10,100%,100%,Low,14,,,,,,,,10,10,10,10,10,10,10,10,10,10,10,20
map ngoại tuyến,VND,20,-50%,0%,Low,30,520,3899,,,,,,20,20,10,20,10,20,10,20,10,20,10,10
chỉ đ,VND,70,-22%,0%,Low,1,,,,,,,,50,70,70,90,50,70,90,90,90,90,90,70
cách dùng bản đồ ngoại tuyến,VND,20,100%,100%,Low,2,,,,,,,,20,20,20,20,20,10,10,10,10,10,30,20
cách dùng map,VND,20,100%,-33%,Low,4,,,,,,,,30,40,20,30,20,10,20,20,10,10,30,20
bản dồ map,VND,10,0%,0%,Low,5,,,,,,,,10,20,10,10,10,10,10,20,10,10,10,10
cách xác định địa chỉ nhà,VND,10,0%,-50%,Low,5,,,,,,,,10,10,10,10,10,10,10,20,20,10,20,10
bản đồ từ,VND,30,0%,33%,Low,4,,,,,,,,40,30,20,20,20,30,20,30,40,40,30,40
bản đồ ảnh,VND,210,24%,0%,Low,5,,,,,,,,210,210,170,210,210,170,210,170,210,170,260,210
chỗ hiện tại,VND,260,-33%,52%,Low,0,,,,,,,,210,140,140,170,140,170,260,260,260,480,390,320
vị hiện tại,VND,50,-44%,400%,Low,2,,,,,,,,20,20,40,50,30,20,70,90,90,90,50,50
chỗ ở hiện nay của tôi,VND,70,143%,55%,Low,1,,,,,,,,140,70,70,50,20,20,30,30,90,70,90,170
vị trí đang ở,VND,590,0%,0%,Low,7,260,849,,,,,,590,590,590,590,390,480,880,720,720,720,720,720
vị trí chính xác của tôi,VND,90,-21%,57%,Low,4,520,1844,,,,,,70,50,30,70,70,70,110,90,110,140,140,110
cách tìm kinh tuyến vĩ tuyến trên google map,VND,10,0%,-50%,Low,2,,,,,,,,20,30,10,10,10,10,10,10,20,10,10,10
gg map hn,VND,30,400%,150%,Low,0,,,,,,,,40,40,40,20,20,20,30,20,10,10,10,50
bản đồ chỗ ở hiện tại,VND,10,0%,0%,Low,8,,,,,,,,10,10,10,10,10,10,10,10,20,10,20,10
thông tin vị trí của tôi,VND,10,0%,-50%,Low,0,,,,,,,,10,20,10,20,10,10,10,10,10,10,10,10
bản đồ vị trí đang ở,VND,10,0%,0%,Low,7,,,,,,,,10,10,10,10,10,10,10,10,10,10,10,10
đo diện tích trên google maps,VND,480,-19%,0%,Low,33,700,2976,,,,,,480,590,480,480,320,260,480,590,590,590,590,480
định vị trí của tôi,VND,30,0%,-25%,Low,15,260,3480,,,,,,40,40,20,20,30,30,20,30,20,30,30,30
bản đồ không cần mạng,VND,10,-50%,0%,Medium,39,520,1562,,,,,,10,10,20,10,10,10,10,10,10,20,10,10
xóa lịch sử tìm kiếm google map,VND,140,55%,21%,Low,2,34,246,,,,,,140,140,140,170,170,140,140,140,140,110,110,170
bản đồ nào,VND,10,0%,0%,Low,5,,,,,,,,10,20,10,10,10,10,10,10,10,10,10,10
google bản đồ thế giới,VND,10,0%,0%,Low,2,,,,,,,,10,10,10,10,10,10,20,10,10,10,10,10
vị trí bạn,VND,20,-25%,200%,Low,3,,,,,,,,20,10,10,10,10,10,10,20,20,40,40,30
vị trí đi,VND,20,100%,100%,Low,2,,,,,,,,10,20,20,10,20,10,10,20,20,10,20,20
ảnh map,VND,90,56%,180%,Low,0,,,,,,,,70,90,90,70,70,50,90,110,140,90,140,140
địa chỉ ở đây,VND,1000,30%,30%,Low,0,260,1499,,,,,,1000,1000,1000,1000,1000,720,1300,1000,1000,1000,1300,1300
cho biết bản đồ,VND,10,0%,0%,Low,29,,,,,,,,10,10,10,10,10,10,10,10,10,10,10,10
tra vị trí,VND,30,-50%,-50%,Low,2,,,,,,,,30,20,20,40,30,30,30,30,30,40,30,20
bản đồ thế giới google,VND,10,0%,0%,Low,7,,,,,,,,10,10,10,10,10,10,10,10,10,10,10,10
cách tra địa chỉ nhà,VND,10,0%,-50%,Low,0,,,,,,,,20,10,10,10,10,10,10,10,10,10,10,10
bản đồ c,VND,30,-25%,0%,Low,1,,,,,,,,30,50,50,30,40,20,20,30,20,40,30,30
gg map hà nội,VND,6600,0%,-45%,Low,0,265,1575,,,,,,8100,9900,8100,6600,5400,3600,6600,6600,6600,5400,4400,5400
vị trí tôi ở,VND,40,-20%,-43%,Low,7,260,2052,,,,,,70,40,40,40,10,20,40,30,30,50,50,40
map di,VND,10,0%,0%,Low,0,,,,,,,,10,0,10,10,10,10,10,10,10,10,10,10
định vị của tôi,VND,1000,-19%,120%,Low,8,520,1560,,,,,,480,480,720,720,880,1000,1300,1000,1300,1600,1600,1300
bản đồ thực tế,VND,30,0%,50%,Low,1,,,,,,,,30,30,40,20,40,20,50,40,40,30,20,30
vị trí hiện tại đang ở,VND,210,24%,24%,Low,7,520,1096,,,,,,320,170,140,210,140,170,170,390,260,170,210,210
làm bản đồ,VND,40,33%,0%,Low,6,,,,,,,,40,30,40,40,40,30,30,40,30,30,30,40
vị trí của mình,VND,390,-18%,127%,Low,3,260,1277,,,,,,260,210,210,140,170,320,480,480,590,720,590,590
xác định vị trí,VND,320,22%,179%,Low,4,520,3492,,,,,,260,260,210,390,260,210,320,320,390,320,480,390
hiển thị vị trí của tôi,VND,10,0%,50%,Low,5,,,,,,,,10,10,10,20,10,10,20,10,10,30,10,30
địa chỉ của mình,VND,30,25%,67%,Low,0,,,,,,,,20,40,20,30,20,30,20,30,30,40,20,50
bản đồ đà nẵng google map,VND,210,0%,-34%,Low,1,,,,,,,,320,260,170,210,260,140,260,260,210,210,260,210
google đo,VND,10,0%,0%,Low,2,,,,,,,,10,10,10,10,20,10,10,10,10,10,10,10
cách xác định vị trí hiện tại,VND,20,-33%,0%,Low,19,780,1300,,,,,,20,20,10,10,20,10,10,10,10,30,10,20
vị trí chỗ ở,VND,10,0%,0%,Low,20,780,4159,,,,,,10,10,10,10,20,10,20,20,10,10,10,10
cách đo diện tích trên google maps,VND,260,0%,-19%,Low,23,523,2541,,,,,,320,320,320,260,320,170,260,260,210,260,320,260
vị trí chính xác,VND,50,0%,40%,Low,5,520,780,,,,,,50,40,40,40,30,30,50,50,50,70,70,70
tìm đường đến hà nội,VND,10,0%,0%,Low,0,,,,,,,,10,10,10,10,10,10,10,10,10,10,10,10
bản đồ chỗ tôi đang ở,VND,20,0%,-33%,Low,0,,,,,,,,20,10,20,10,20,10,20,10,10,20,10,20
maps 3,VND,140,0%,21%,Low,0,,,,,,,,140,140,110,140,170,140,170,140,140,170,140,170
vị trí ở hiện tại,VND,40,40%,133%,Low,9,407,1496,,,,,,20,40,30,30,20,20,40,50,90,50,50,70
định vị vị trí đang ở,VND,20,0%,-50%,Medium,33,260,520,,,,,,10,20,10,20,10,10,10,50,20,10,10,10
dòng thời gian google,VND,70,425%,133%,Low,0,,,,,,,,70,90,90,90,70,70,50,70,40,40,50,210
vị trí hiện tại tôi đang ở,VND,390,39%,1329%,Low,1,260,2080,,,,,,50,70,110,110,210,260,390,480,720,720,880,1000
địa chỉ hiện tại của bạn,VND,90,-64%,-64%,Low,0,,,,,,,,140,90,70,90,70,70,70,90,90,140,110,50
map thế giới,VND,480,0%,0%,Low,25,,,,,,,,480,480,480,390,590,260,1000,480,390,480,590,480
định vị hiện tại của tôi,VND,140,0%,55%,Low,6,384,1040,,,,,,110,110,90,110,90,140,110,110,170,170,210,170
đo diện tích trong google map,VND,10,0%,0%,Low,0,,,,,,,,10,20,10,10,20,10,20,20,10,10,10,10
địa chỉ của bạn,VND,50,0%,-29%,Low,3,,,,,,,,70,50,50,50,40,50,70,50,40,50,50,50
chi tiết về địa điểm,VND,140,21%,21%,Low,0,,,,,,,,90,50,170,170,140,140,140,110,140,140,90,170
cách xác định vị trí người khác qua google map,VND,10,0%,-50%,Low,29,,,,,,,,10,10,10,10,10,10,10,10,10,10,10,10
vị trí ở,VND,30,0%,50%,Low,0,,,,,,,,30,30,20,20,20,20,20,30,40,30,20,30
cách làm bản đồ,VND,50,0%,25%,Low,1,,,,,,,,40,50,50,50,50,50,50,50,50,50,70,50
vị trí của,VND,320,0%,0%,Low,1,260,1671,,,,,,320,390,320,320,320,210,390,320,320,260,320,260
vị trí của tôi đang ở,VND,210,-35%,-47%,Low,5,520,1820,,,,,,880,70,90,110,90,90,210,210,210,260,210,170
định vị người khác qua google map,VND,10,0%,0%,Medium,48,1723,5199,,,,,,10,10,10,20,10,10,10,10,10,10,20,10
vị trí ở đây,VND,590,-12%,126%,Low,6,260,780,,,,,,390,390,320,320,320,390,720,880,720,1000,1000,880
ban đò,VND,720,-18%,0%,Low,4,260,1520,,,,,,720,720,720,720,590,590,720,720,720,720,720,590
cách đo diện tích bằng google map,VND,10,0%,0%,Low,22,,,,,,,,10,10,10,10,10,10,10,10,10,10,10,10
bản đồ đến,VND,10,0%,0%,Low,6,,,,,,,,10,10,10,10,10,10,10,10,10,10,10,10
định vị tôi,VND,40,-43%,0%,Low,8,,,,,,,,20,20,30,30,20,90,40,40,50,70,50,40
cách tính diện tích trên google map,VND,20,50%,-25%,Low,21,661,2272,,,,,,20,20,20,20,20,20,30,20,10,20,20,30
cách xác định kinh tuyến vĩ tuyến trên google map,VND,10,0%,0%,Low,3,,,,,,,,20,10,10,10,10,10,10,10,10,10,10,10
vị trí gần nhất,VND,30,-20%,33%,Low,1,,,,,,,,20,20,20,20,20,20,30,50,30,50,30,40
vij tris,VND,170,22%,1200%,Low,0,,,,,,,,50,50,50,50,70,110,140,170,260,320,390,390
vị trí mình đang ở,VND,70,-29%,-55%,Low,13,286,780,,,,,,70,90,90,50,70,40,90,90,70,70,90,50
xác định kinh tuyến vĩ tuyến trên google map,VND,10,0%,0%,Low,10,,,,,,,,10,10,10,10,10,10,10,10,10,10,10,10
bản đồ ngoại tuyến,VND,170,-35%,55%,Low,15,520,1988,,,,,,140,170,170,110,90,110,140,140,140,260,210,170
hà nội map google,VND,10,0%,100%,Low,1,,,,,,,,10,10,10,10,10,10,10,10,20,20,20,20
sử dụng bản đồ ngoại tuyến,VND,10,0%,0%,Low,4,,,,,,,,10,10,10,10,10,10,10,10,10,10,10,10
vị trí cụ thể của tôi,VND,110,-35%,55%,Low,1,,,,,,,,70,90,50,70,50,50,70,90,140,260,210,170
địa chỉ chính xác,VND,50,29%,125%,Low,2,,,,,,,,40,40,50,50,50,30,50,50,70,70,90,90
bản đồ hà nội google map,VND,590,0%,-33%,Low,0,,,,,,,,720,590,590,480,480,590,590,590,720,590,590,590
đo diện tích google map,VND,30,50%,50%,Low,22,512,2946,,,,,,30,50,20,10,40,30,30,20,20,20,50,30
phần mềm đo diện tích trên google map,VND,30,0%,-80%,Low,31,758,3123,,,,,,40,30,50,40,50,10,20,20,20,10,20,10
vị trí hiện tại ở đây,VND,110,0%,143%,Low,5,388,781,,,,,,90,50,50,70,70,90,170,170,170,170,170,170
tính diện tích trên google map,VND,30,0%,0%,Low,21,872,3298,,,,,,50,50,30,30,30,30,30,20,30,40,30,40
vị trí của tôi lúc này,VND,70,-43%,-56%,Low,6,,,,,,,,70,70,70,50,50,90,50,90,50,70,20,40
vị trí đang ở hiện nay,VND,50,200%,800%,Low,3,520,792,,,,,,20,10,10,30,40,20,70,110,50,30,90,90
gửi vị trí của tôi,VND,30,-25%,0%,Low,13,260,1300,,,,,,30,20,20,20,20,10,50,30,40,40,20,30
cho tôi địa chỉ,VND,70,0%,267%,Low,0,,,,,,,,20,40,30,50,30,40,40,70,70,110,140,110
phần mềm map,VND,20,0%,-50%,Low,14,,,,,,,,20,30,20,20,10,10,20,20,10,10,10,10
google đi,VND,110,0%,22%,Low,0,,,,,,,,110,110,90,140,90,110,110,110,110,110,110,110
đăng ký doanh nghiệp google,VND,10,0%,0%,Medium,36,,,,,,,,10,10,10,10,10,10,10,10,20,10,10,10
địa chỉ chính xác của tôi,VND,90,0%,0%,Low,2,,,,,,,,70,70,50,70,70,70,90,110,110,90,110,90
bản đồ thật,VND,10,0%,0%,Low,4,,,,,,,,10,10,10,10,10,10,10,40,10,10,10,10
gg map ninh bình,VND,260,-47%,-72%,Low,1,,,,,,,,320,320,320,260,210,260,320,320,260,170,110,90
vẽ map,VND,70,-29%,-64%,Low,0,,,,,,,,70,90,110,90,90,40,90,90,50,70,70,50
ban đ,VND,480,-19%,0%,Low,0,,,,,,,,480,480,480,480,390,390,590,590,480,480,390,390
tạo bản đồ,VND,90,-22%,-22%,Low,1,,,,,,,,140,90,50,90,90,50,110,90,110,90,90,70
tìm vị trí hiện tại,VND,90,-22%,0%,Low,16,520,1300,,,,,,90,90,70,70,50,70,110,110,110,90,70,70
maps ho chi minh,VND,260,23%,23%,Low,1,,,,,,,,260,210,210,210,260,170,260,260,210,260,260,320
vị trí hiện nay,VND,40,29%,80%,Low,4,,,,,,,,20,20,30,30,20,30,30,50,40,70,40,90
đo diện tích bằng google map,VND,30,0%,-60%,Low,25,684,2436,,,,,,30,30,30,30,40,20,30,20,30,20,10,20
bản đồ đi từ,VND,10,-50%,0%,Low,16,,,,,,,,10,10,10,10,10,10,10,10,10,20,10,10
việt nam maps,VND,480,0%,0%,Medium,43,,,,,,,,480,480,480,480,590,390,590,590,480,480,480,480
google map đo diện tích,VND,20,0%,-50%,Medium,43,637,3033,,,,,,10,10,10,10,20,10,20,20,10,10,30,10
bản độ,VND,50,-20%,0%,Low,5,,,,,,,,40,70,50,70,50,40,40,40,40,50,40,40
đăng ký google doanh nghiệp,VND,10,100%,0%,Medium,37,7453,189756,,,,,,10,10,10,10,10,10,10,10,10,10,10,20
lấy định vị,VND,10,100%,100%,Low,8,,,,,,,,10,20,10,10,10,10,20,10,10,10,10,20
cách lấy định vị,VND,50,-29%,0%,Low,13,260,1314,,,,,,40,40,70,70,50,50,70,50,70,70,40,50
vị trí bạn đang ở,VND,20,0%,0%,Low,13,260,2080,,,,,,30,20,20,20,20,30,30,30,20,20,30,20
địa chỉ của tôi đang ở,VND,30,0%,0%,Low,1,,,,,,,,30,20,40,30,20,20,20,20,30,30,20,30
khám phá bản đồ,VND,10,0%,0%,Low,0,,,,,,,,10,10,10,20,10,10,20,10,10,10,10,10
định vị chỗ ở của tôi,VND,20,0%,100%,Low,31,520,3313,,,,,,10,20,10,10,10,10,20,30,20,20,20,20
bản đồ không gian,VND,10,0%,0%,Low,10,,,,,,,,10,20,10,10,20,10,20,10,10,10,10,10
xóa lịch sử tìm kiếm trên google map,VND,480,0%,333%,Low,0,,,,,,,,110,90,110,260,390,390,880,1600,1000,390,320,390
vị trí tại đây,VND,320,-19%,86%,Low,5,260,520,,,,,,210,170,210,170,210,210,390,390,480,480,390,390
gửi địa chỉ,VND,50,-29%,0%,Low,2,,,,,,,,50,50,40,40,50,40,50,50,50,70,40,50
định vị vị trí tôi đang ở,VND,10,100%,100%,Low,21,260,704,,,,,,10,10,10,10,10,10,10,10,10,10,10,20
xác định vị trí hiện tại,VND,50,0%,25%,Low,10,304,1866,,,,,,40,50,40,40,20,50,50,40,40,50,70,50
địa chỉ gần nhất,VND,40,25%,25%,Low,0,,,,,,,,40,20,20,30,20,40,30,40,40,40,40,50
cách gửi định vị bản đồ,VND,10,0%,0%,Low,0,,,,,,,,10,10,10,10,10,10,10,10,10,10,10,10
bản đồ đi,VND,210,-47%,0%,Low,11,,,,,,,,90,170,210,480,210,210,320,260,170,170,140,90
cách định vị vị trí hiện tại,VND,10,-50%,0%,Low,11,,,,,,,,10,30,20,10,10,10,20,20,20,20,10,10
cách xác định vị trí,VND,40,-50%,-33%,Low,28,780,3615,,,,,,40,70,40,40,30,30,50,40,40,40,20,20
thanh hóa map,VND,170,0%,-46%,Low,3,,,,,,,,210,260,170,170,210,170,210,170,140,140,140,140
maps thanh hóa,VND,1300,-12%,-32%,Low,0,,,,,,,,1300,1300,1300,1300,1300,880,1600,1600,1600,1000,1000,880
maps đà nẵng,VND,1300,0%,0%,Low,1,431,1105,,,,,,1300,1300,1300,1000,1000,880,1300,1000,1300,1300,1300,1300
định vị bản đồ trên điện thoại,VND,10,0%,-50%,Medium,37,1040,2816,,,,,,10,10,10,10,10,10,10,10,10,10,10,10
tìm kiếm vị trí,VND,110,0%,-18%,Medium,37,520,1935,,,,,,140,110,110,110,90,140,140,140,110,140,140,140
vị trí của bạn đang ở,VND,10,-50%,-50%,Low,3,,,,,,,,20,20,10,20,10,10,10,10,20,20,20,10
cách biết vị trí của mình,VND,20,50%,-40%,Low,16,365,1040,,,,,,30,20,20,10,10,10,40,20,20,20,20,30
vị trí định vị,VND,70,0%,-22%,Low,29,520,2350,,,,,,90,70,70,70,90,50,90,110,70,70,50,70
địa điểm của bạn,VND,20,200%,50%,Low,1,,,,,,,,20,10,20,30,10,10,10,20,10,10,50,30
tìm kiếm bản đồ thế giới,VND,260,-56%,-34%,Low,2,,,,,,,,170,170,260,320,210,140,260,210,390,480,210,210
tìm vị trí của bạn,VND,10,200%,200%,Low,8,,,,,,,,10,20,20,20,10,10,10,10,20,10,10,30
cách định vị điện thoại trên google map,VND,10,0%,0%,Low,29,,,,,,,,10,10,10,10,10,10,10,10,10,10,10,10
định vị vị trí của bạn,VND,30,400%,25%,Low,29,780,2165,,,,,,30,30,10,40,40,30,30,30,20,10,30,50
bản đồ chỉ hướng,VND,30,-67%,-67%,Low,12,,,,,,,,40,50,20,30,30,30,30,20,20,30,20,10
bản đồ định vi,VND,720,0%,-41%,Low,16,520,1820,,,,,,880,880,880,720,590,590,720,720,590,590,590,590
bản đồ vệ,VND,10,-50%,-50%,Low,17,,,,,,,,10,10,10,10,10,10,10,10,10,20,20,10
maps hà nội,VND,18100,0%,-18%,Low,0,272,1560,,,,,,18100,18100,18100,18100,14800,12100,18100,18100,18100,18100,18100,18100
bản đồ trực tuyến,VND,210,-19%,-35%,Low,9,780,2235,,,,,,260,260,260,210,210,140,210,210,170,210,210,170
google map bình thạnh,VND,10,0%,-50%,Low,0,,,,,,,,20,20,20,30,20,10,20,10,10,10,10,10
bản đồ tiếng việt,VND,20,0%,-50%,Low,7,,,,,,,,20,20,10,20,10,10,30,10,10,10,20,10
bản đồ đi đến,VND,10,0%,0%,Low,7,,,,,,,,10,10,10,10,10,10,10,10,10,10,10,10
cách xác định vị trí chính xác trên bản đồ,VND,10,0%,0%,Low,14,,,,,,,,10,10,10,10,10,10,10,10,10,10,10,10
tra địa điểm,VND,10,-50%,0%,Low,0,,,,,,,,10,10,10,10,10,10,10,10,20,20,10,10
vẽ bản đồ,VND,590,22%,-56%,Low,0,,,,,,,,1000,1000,720,720,590,390,720,880,480,320,320,390
google tìm vị trí,VND,20,0%,100%,Low,14,520,4548,,,,,,10,10,10,10,20,10,30,20,20,20,10,20
bản đồ điều hướng,VND,10,-50%,-50%,Medium,38,520,2052,,,,,,20,30,20,10,10,10,10,10,10,20,10,10
tìm số điện thoại qua google map,VND,10,0%,0%,High,71,,,,,,,,10,10,10,10,10,10,10,10,10,10,10,10
bản đồ bản,VND,10,0%,-50%,Low,21,,,,,,,,10,10,20,10,10,10,10,10,20,10,10,10
tìm kiếm vị trí của tôi,VND,30,-33%,-50%,Low,13,,,,,,,,20,30,20,10,20,10,40,50,40,30,20,20
vị trí vị trí,VND,20,150%,150%,Low,4,,,,,,,,20,30,30,20,20,20,10,20,20,20,30,50
cách đo diện tích trên bản đồ,VND,10,0%,-50%,Low,11,,,,,,,,10,20,20,10,10,10,30,20,20,10,10,10
bản đồ bản đồ bản đồ,VND,10,0%,-50%,Low,26,,,,,,,,10,10,20,10,10,10,10,10,10,10,10,10
bản đồ mình đi,VND,10,0%,∞,Low,0,,,,,,,,0,10,10,10,10,10,10,0,10,10,10,10
bản đồ trực tiếp,VND,50,-29%,25%,Low,2,,,,,,,,70,50,90,50,30,40,40,30,40,70,70,50
bản đồ của,VND,50,-29%,-29%,Low,15,,,,,,,,50,70,50,70,50,30,40,70,70,70,70,50
định vị số điện thoại qua google map,VND,720,0%,306%,Low,9,2339,9358,,,,,,210,260,210,210,390,590,720,880,1300,1300,1900,1300
định vị điện thoại bằng google map,VND,10,-100%,-100%,Unknown,,,,,,,,,10,10,10,10,10,10,10,10,10,10,10,0
kiểm tra vị trí,VND,20,0%,0%,Low,3,,,,,,,,20,10,20,10,20,20,30,20,20,30,20,30
bản đồ trực tuyến mới nhất,VND,10,-50%,0%,Low,29,,,,,,,,10,10,20,10,10,10,20,20,10,20,20,10
đà nẵng map,VND,880,-12%,22%,Low,0,227,802,,,,,,720,880,590,590,590,720,1000,880,1000,1000,880,880
cách xác định độ cao trên bản đồ,VND,10,0%,0%,Low,0,,,,,,,,10,10,20,10,10,10,10,10,10,10,10,10
cách để biết vị trí của mình,VND,10,50%,-25%,Low,15,520,2013,,,,,,10,10,10,10,10,10,20,20,20,20,20,30
tìm địa,VND,10,0%,0%,Low,0,,,,,,,,10,10,10,10,10,10,10,20,10,10,20,10
web bản đồ,VND,20,300%,100%,Low,0,,,,,,,,30,20,10,20,20,10,20,20,10,10,20,40
map mới,VND,70,25%,-71%,Low,2,,,,,,,,110,90,70,70,70,50,50,70,50,40,50,50
định vị chỗ ở,VND,50,-29%,-44%,Low,29,520,2208,,,,,,50,40,40,50,40,40,70,70,40,70,50,50
cách xác định vị trí của mình,VND,10,0%,0%,Low,23,,,,,,,,10,10,10,10,10,10,10,10,10,10,10,10
cách định vị vị trí mình đang ở,VND,10,0%,0%,Low,19,,,,,,,,10,10,0,10,10,0,10,10,10,10,10,10
cách gửi địa chỉ định vị,VND,10,-67%,0%,Medium,43,,,,,,,,10,10,10,10,10,10,10,10,20,30,10,10
phần mềm bản đồ,VND,30,0%,-25%,Low,6,,,,,,,,40,40,40,40,30,30,40,20,50,30,30,30
tìm số điện thoại trên google map,VND,10,0%,0%,Low,25,,,,,,,,20,10,10,10,10,10,10,10,20,10,10,10
bản do,VND,9900,0%,-18%,Low,5,425,1560,,,,,,9900,12100,9900,9900,8100,6600,9900,9900,8100,8100,8100,8100
map bình thuận,VND,110,0%,-50%,Low,0,,,,,,,,140,110,110,140,110,110,170,170,140,70,50,70
map địa hình,VND,260,0%,860%,Low,0,,,,,,,,50,40,50,70,170,170,260,320,320,480,480,480
địa chỉ cụ thể,VND,170,50%,179%,Low,1,,,,,,,,140,140,140,140,110,110,170,170,170,260,320,390
bản đồ thế giới trực tuyến,VND,20,-50%,0%,Low,8,,,,,,,,20,30,10,10,10,20,40,10,10,20,20,10
google map tìm số điện thoại,VND,10,0%,0%,Medium,39,1590,2255,,,,,,10,50,10,10,10,10,10,10,10,10,10,10
cách tìm địa chỉ,VND,20,0%,-50%,Low,8,,,,,,,,20,10,10,30,20,30,20,10,20,20,10,20
google ơt,VND,170,-21%,22%,Low,1,,,,,,,,170,210,170,170,210,140,170,170,110,140,140,110
cách tìm số điện thoại trên google map,VND,10,0%,0%,Medium,37,2652,13428,,,,,,10,10,10,10,10,10,10,10,10,10,10,10
bản đồ hình,VND,10,0%,-50%,Low,20,,,,,,,,20,20,10,20,10,10,10,10,10,10,10,10
google định vị,VND,260,24%,-19%,Low,3,497,4954,,,,,,320,320,260,320,320,320,260,260,260,210,260,260
vị của tôi,VND,260,0%,129%,Low,1,515,1134,,,,,,110,110,110,170,170,170,480,480,390,320,320,320
bản đồ địa điểm,VND,50,0%,75%,Low,5,446,1040,,,,,,30,50,50,50,70,30,50,70,70,70,40,70
bản đồ thời gian thực,VND,40,150%,150%,Low,16,935,2917,,,,,,30,50,50,40,30,10,90,40,30,20,30,50
hà nội maps,VND,140,-21%,-35%,Low,1,,,,,,,,140,110,110,140,140,70,90,170,170,140,110,110
maps nam định,VND,590,-19%,-46%,Low,0,,,,,,,,720,720,720,720,720,590,720,590,720,480,390,390
định vị điện thoại trên google map,VND,10,0%,0%,Low,14,,,,,,,,10,10,10,10,10,10,10,10,10,10,10,10
google thế giới,VND,30,0%,100%,Low,0,,,,,,,,30,30,30,30,40,30,50,30,20,20,20,20
bản đồ to,VND,10,0%,0%,Medium,66,,,,,,,,10,10,10,10,10,10,10,10,10,10,10,10
gg thế giới,VND,20,100%,100%,Low,0,,,,,,,,20,20,20,10,10,10,20,20,20,10,20,20
bản đồ thế giới trực tiếp,VND,10,0%,0%,Low,0,,,,,,,,10,10,10,10,10,10,10,10,10,10,10,10
xác định vị trí của,VND,10,∞,0%,Low,0,,,,,,,,20,30,20,40,10,10,10,10,10,0,10,10
sử dụng vị trí chính xác,VND,10,0%,0%,Low,0,,,,,,,,10,10,10,10,10,10,10,10,10,10,10,10
tìm vị trí số điện thoại qua google map,VND,10,0%,0%,High,76,1300,4159,,,,,,10,10,10,10,10,10,10,10,10,10,10,10
cách gửi địa chỉ,VND,50,0%,25%,Low,2,,,,,,,,40,70,50,30,50,50,50,50,40,50,40,50
định vị trí,VND,110,0%,0%,Low,25,260,2080,,,,,,70,70,170,140,140,170,110,90,110,70,90,70
bản đồ chính xác nhất,VND,10,0%,0%,Medium,55,1300,3043,,,,,,10,10,10,10,10,10,10,10,10,10,20,10
định vị vị trí của mình,VND,10,0%,0%,Low,29,,,,,,,,10,10,10,10,10,10,10,10,10,10,10,10
map vue,VND,10,∞,0%,Low,0,,,,,,,,10,10,10,0,10,10,10,0,10,0,0,10
đo diện tích trên bản đồ,VND,20,50%,0%,Medium,43,714,2936,,,,,,30,20,10,20,20,10,10,10,30,20,10,30
google map nào tốt nhất,VND,10,0%,0%,Low,21,,,,,,,,10,10,10,10,10,10,10,10,10,10,20,10
phạm văn đồng map,VND,140,0%,27%,Low,0,,,,,,,,110,110,140,170,140,110,170,170,140,140,110,140
tính diện tích trên bản đồ,VND,10,0%,0%,Low,21,,,,,,,,10,10,10,10,10,10,10,10,10,10,10,10
định vị số điện thoại trên google map,VND,20,0%,0%,High,71,2567,6851,,,,,,10,70,10,10,10,10,70,10,10,10,10,10
cách tính diện tích trên bản đồ,VND,10,0%,-50%,Low,20,,,,,,,,10,20,20,10,10,10,20,10,10,10,10,10
bản đồ vẽ,VND,90,40%,-67%,Low,0,,,,,,,,110,110,90,90,90,50,110,140,90,50,30,70
bản đồ định vị việt nam,VND,10,0%,0%,Medium,36,,,,,,,,10,10,20,10,10,10,10,10,10,10,10,10
cách gửi định vị vị trí,VND,210,91%,-34%,Low,12,520,1560,,,,,,260,170,170,140,260,320,260,210,110,110,140,210
cách định vị vị trí của mình,VND,20,100%,100%,Low,19,1040,2406,,,,,,20,30,10,20,20,10,10,20,10,10,30,20
bình thuận map,VND,210,0%,255%,Low,2,,,,,,,,90,90,110,90,90,110,320,320,320,390,320,390
định vị điện thoại qua google map,VND,10,100%,100%,Medium,46,2112,8563,,,,,,10,20,10,20,10,10,10,10,10,10,10,20
định vị số điện thoại bằng google map,VND,10,0%,0%,High,70,1325,4159,,,,,,10,10,10,10,10,10,10,10,10,10,10,10
bản đồ chuẩn,VND,10,0%,0%,Low,0,,,,,,,,10,10,10,10,10,10,10,20,10,10,10,10
tìm vị trí số điện thoại trên google map,VND,260,0%,-56%,Medium,62,2011,7798,,,,,,390,320,390,390,320,320,260,260,260,140,170,140
cách tìm vị trí số điện thoại trên google map,VND,20,100%,0%,Medium,60,1769,5711,,,,,,30,20,20,10,10,10,10,10,20,10,20,20
vẽ bản đồ online,VND,70,-20%,-64%,Low,2,,,,,,,,90,110,70,70,50,20,70,70,40,50,50,40
bản đồ chi tiết,VND,70,0%,-22%,Low,7,379,2080,,,,,,70,90,70,70,70,50,90,70,90,70,90,70
cách định vị số điện thoại bằng google map,VND,20,0%,-67%,Medium,40,3982,15268,,,,,,20,10,20,70,40,30,20,10,10,10,10,10
bản đồ hướng,VND,140,0%,0%,Low,2,,,,,,,,170,210,170,140,110,140,140,140,170,110,140,110
hội an map,VND,1300,23%,23%,Low,6,1498,36986,,,,,,880,1000,1000,1300,1600,1300,1900,1900,1600,1300,1300,1600
cách định vị số điện thoại trên google map,VND,20,0%,-67%,Medium,51,2164,9639,,,,,,10,20,20,10,10,10,10,10,50,10,20,10
cách định vị số điện thoại qua google map,VND,10,0%,0%,Medium,56,1789,4679,,,,,,20,10,10,10,10,10,10,10,10,10,10,10
do vị trí,VND,20,0%,0%,Low,7,,,,,,,,10,20,20,50,10,10,10,10,10,10,10,10
cách tạo vị trí ảo trên google map,VND,10,0%,-50%,Low,0,,,,,,,,10,10,10,10,10,10,10,20,10,10,10,10
google map định vị số điện thoại,VND,20,-67%,-50%,High,76,1820,8589,,,,,,10,40,20,30,10,10,10,20,20,30,10,10
tạo bản đồ du lịch,VND,10,0%,-50%,Low,0,,,,,,,,10,10,10,20,20,10,20,10,10,10,10,10
gửi vị trí định vị,VND,50,-25%,-25%,Low,18,260,1040,,,,,,70,50,50,30,40,50,50,50,50,40,50,30
bản đồ khám phá,VND,10,0%,0%,Low,0,,,,,,,,10,10,10,10,10,10,10,10,10,10,10,10
trang web bản đồ,VND,10,0%,0%,Low,0,,,,,,,,10,10,10,10,10,10,10,10,10,10,10,10
bản đồ số nhà,VND,10,0%,0%,Low,4,,,,,,,,10,10,10,10,10,10,10,10,10,10,20,10
google map cầu giấy,VND,20,100%,-33%,Low,0,,,,,,,,40,40,40,40,30,20,20,10,10,10,10,20
xác định hướng trên bản đồ,VND,40,200%,50%,Low,4,,,,,,,,50,70,70,30,20,20,40,30,40,10,20,30
dùng bản đồ nào tốt nhất,VND,10,0%,0%,Low,17,,,,,,,,10,10,10,10,10,10,10,10,10,10,10,10
maps quảng bình,VND,390,-47%,-56%,Low,0,,,,,,,,390,480,480,390,390,260,480,480,390,320,210,170
bản đồ đồ,VND,10,0%,0%,Low,19,,,,,,,,10,10,10,10,10,0,10,10,10,10,10,10
saigon maps,VND,1000,14%,-23%,Low,10,,,,,,,,1000,880,1000,1000,1000,880,1300,880,880,880,880,1000
khách sạn google,VND,10,-50%,0%,Medium,36,,,,,,,,10,10,10,20,10,10,10,20,20,20,20,10
trên bản đồ thế giới,VND,20,0%,0%,High,89,,,,,,,,10,30,20,10,20,10,10,30,20,10,10,10
cách gửi vị trí định vị,VND,50,-20%,-43%,Low,21,260,1239,,,,,,70,50,50,50,50,50,40,50,50,50,50,40
tìm số điện thoại trên bản đồ,VND,10,100%,100%,Low,28,2080,6726,,,,,,20,20,10,10,10,10,20,20,10,10,10,20
bản đồ toàn cầu,VND,70,29%,200%,Low,7,,,,,,,,50,70,50,40,70,30,90,70,40,70,50,90
bản đồ trang,VND,50,-67%,-89%,Low,1,,,,,,,,110,140,50,40,30,30,30,30,50,30,20,10
map ha,VND,10,0%,0%,Low,0,,,,,,,,10,20,10,10,10,10,10,10,20,10,20,10
bản đồ thế giới map,VND,880,-55%,-41%,High,88,,,,,,,,1600,590,320,320,720,480,1600,880,880,1300,1300,590
google hà nội,VND,40,75%,-22%,Low,0,,,,,,,,50,30,20,30,40,30,50,40,40,40,50,70
vẽ bản đồ định vị,VND,10,∞,0%,Low,0,,,,,,,,10,10,20,10,10,0,10,10,10,0,10,10
cao bằng map,VND,110,22%,-58%,Low,0,,,,,,,,140,110,90,110,140,110,110,140,110,90,90,110
tìm kiếm số điện thoại trên bản đồ,VND,10,0%,0%,High,74,1274,2817,,,,,,10,10,10,10,10,10,10,10,10,10,10,10
cách sử dụng bản đồ,VND,20,0%,-50%,Low,0,,,,,,,,70,30,20,20,10,10,20,10,10,10,20,10
map bản đồ thế giới,VND,90,25%,-29%,Medium,63,,,,,,,,90,110,140,110,70,90,170,70,50,40,90,50
cách tìm số điện thoại trên bản đồ,VND,10,0%,0%,Medium,57,,,,,,,,10,10,10,10,10,10,10,10,10,10,10,10
bản đồ diện tích,VND,70,33%,0%,Low,28,347,717,,,,,,50,170,140,110,70,40,50,50,50,30,30,40
bản đồ địa hình thế giới,VND,320,-18%,-33%,Low,18,,,,,,,,260,390,480,390,390,170,390,320,480,390,260,320
bản đồ khách sạn,VND,50,-36%,133%,Low,4,,,,,,,,10,10,10,20,10,30,50,50,70,110,110,70
gia lai map,VND,210,0%,-19%,Low,2,,,,,,,,170,210,320,170,210,210,170,210,210,210,210,210
google dịch map,VND,30,0%,-75%,Low,0,,,,,,,,40,40,40,30,40,40,30,30,30,10,20,10
tìm vị trí số điện thoại trên bản đồ,VND,90,29%,800%,Low,0,,,,,,,,10,10,10,10,10,140,390,50,70,70,110,90
cách tìm vị trí,VND,70,40%,0%,Medium,42,780,4388,,,,,,70,50,70,70,70,70,50,70,70,50,90,70
bản đồ nhà ở,VND,30,50%,0%,Low,14,347,520,,,,,,20,50,20,30,30,20,30,70,30,20,40,30
bản đồ mặt trăng,VND,140,24%,320%,Low,0,,,,,,,,40,40,50,70,70,90,170,260,260,170,210,210
cách gửi vị trí của mình,VND,30,50%,50%,Low,17,260,780,,,,,,30,20,30,40,20,20,20,30,30,20,20,30
dò vị trí,VND,10,0%,0%,Low,3,,,,,,,,10,10,20,10,10,10,10,10,0,10,10,10
mở bản đồ việt nam,VND,30,0%,0%,Medium,62,,,,,,,,40,20,40,30,20,40,40,40,20,40,40,40
vẽ bản đồ đơn giản,VND,50,0%,-57%,Low,0,,,,,,,,90,70,50,50,50,20,70,70,50,30,20,30
bản đồ trực tuyến việt nam,VND,50,-33%,-71%,Low,8,,,,,,,,90,110,70,70,40,30,30,70,30,30,30,20
cách gửi vị trí cho bạn bè,VND,10,0%,0%,Medium,36,,,,,,,,10,10,10,10,10,10,10,10,10,10,10,10
bản đồ việt nam maps,VND,590,0%,-88%,Low,30,,,,,,,,880,880,1000,720,590,590,720,720,480,110,110,110
dữ liệu bản đồ,VND,70,-22%,40%,Low,0,,,,,,,,70,70,50,70,50,40,70,50,70,90,50,70
hình ảnh bản đồ,VND,260,0%,-19%,Low,5,,,,,,,,320,390,260,320,260,170,260,260,170,170,140,170
bản đồ maps việt nam,VND,70,-36%,-22%,Low,27,,,,,,,,90,50,70,50,50,40,70,40,50,110,90,70
hiển thị bản đồ việt nam,VND,10,0%,-50%,High,81,,,,,,,,10,10,10,10,10,10,10,10,10,10,10,10
map quảng ninh,VND,390,0%,-18%,Low,0,,,,,,,,390,390,480,480,390,320,480,480,590,320,390,320
spa google,VND,50,-71%,0%,Low,1,,,,,,,,20,20,40,50,70,90,50,50,50,170,50,50
cách vẽ bản đồ,VND,210,56%,-33%,Low,0,,,,,,,,390,480,260,260,210,140,210,210,140,90,110,140
hồ sơ google,VND,20,0%,100%,Low,0,,,,,,,,20,20,30,20,20,10,20,20,20,40,30,40
cách gửi địa chỉ cho người khác,VND,20,100%,0%,Low,1,,,,,,,,10,20,10,20,10,20,20,10,20,10,20,20
bản đồ việt nam định vị,VND,10,0%,0%,Medium,38,,,,,,,,10,10,10,10,10,10,10,10,10,10,10,10
ở vị trí,VND,30,-33%,0%,Low,0,,,,,,,,30,30,40,30,20,10,20,30,40,30,30,20
bản đồ xác định hướng,VND,10,0%,0%,Low,0,,,,,,,,10,10,10,0,10,10,10,10,10,10,10,10
bản đồ bàn,VND,10,0%,0%,Low,0,,,,,,,,10,10,10,10,10,10,10,10,10,10,10,10
ban do quan 5,VND,10,0%,-50%,Low,5,,,,,,,,20,10,30,10,10,10,10,20,10,10,10,10
bản đồ tiếp đi,VND,20,50%,200%,Low,0,,,,,,,,10,10,20,70,20,20,10,10,20,20,40,30
google khách sạn,VND,50,-22%,133%,Medium,53,5906,33272,,,,,,40,30,20,30,30,50,50,50,50,90,90,70
coi bản đồ thế giới,VND,20,-50%,-67%,High,73,,,,,,,,20,10,10,20,20,10,30,20,10,20,20,10
maps hồ chí minh,VND,390,23%,-33%,Low,3,,,,,,,,480,480,390,390,320,170,390,320,390,390,390,480
bản đồ các hướng,VND,30,-50%,0%,Low,1,,,,,,,,30,30,20,30,20,30,20,20,20,40,20,20
google soi,VND,10,100%,100%,Low,0,,,,,,,,10,10,10,20,10,10,10,10,20,10,10,20
bản đồ xã hội,VND,20,-50%,-50%,Low,1,,,,,,,,20,30,10,10,30,10,50,20,20,20,20,10
maps nhật bản,VND,210,50%,0%,Low,24,,,,,,,,210,260,210,210,170,140,320,210,170,140,170,210
map ho chi minh city vietnam,VND,40,-50%,-50%,Low,23,,,,,,,,40,70,40,20,40,30,40,40,30,40,30,20
tìm kiếm bản đồ việt nam,VND,30,-33%,-33%,High,77,,,,,,,,30,20,30,20,20,10,30,20,40,30,30,20
google map thời tiết,VND,90,0%,-18%,Low,0,,,,,,,,210,210,210,70,30,20,30,40,70,90,140,90
google vietmap,VND,10,0%,-50%,Medium,55,597,3450,,,,,,10,10,10,10,10,10,20,20,10,10,10,10
tố hữu map,VND,20,-67%,0%,Low,0,,,,,,,,30,30,20,30,30,20,20,20,20,30,20,10
bản đồ vi,VND,40,33%,-20%,Low,1,,,,,,,,40,50,40,40,30,30,20,30,40,30,50,40
thanh trì map,VND,70,40%,133%,Low,0,,,,,,,,40,50,90,110,70,90,140,90,70,50,70,70
địa điểm tại đây,VND,50,80%,125%,Low,0,,,,,,,,40,30,20,30,30,30,50,40,50,50,70,90
map nhật,VND,70,80%,29%,Low,13,,,,,,,,70,70,70,50,90,40,110,70,70,50,40,90
quảng bình map,VND,720,-38%,285%,Low,0,,,,,,,,210,260,480,320,260,390,720,1000,1300,1600,1600,1000
bản đồ thế,VND,320,0%,-19%,High,95,,,,,,,,480,320,320,320,320,170,590,320,210,210,390,210
ninh thuận map,VND,260,0%,179%,Low,0,,,,,,,,110,90,110,90,110,170,320,480,390,390,320,390
bản đồ vệ tinh hà nội mới nhất,VND,70,0%,600%,Low,16,347,2518,,,,,,20,10,30,20,20,10,20,30,70,140,260,140
bản đồ the giới,VND,880,0%,-41%,High,94,,,,,,,,1300,1000,880,880,880,590,1300,590,590,590,720,590
thế giới bản đồ,VND,170,-46%,-33%,Low,32,,,,,,,,110,110,170,170,210,90,210,140,260,260,140,140
google maps 3d,VND,6600,-19%,-46%,Low,0,780,4679,,,,,,8100,9900,9900,8100,6600,5400,8100,5400,5400,5400,4400,4400
google maps gps,VND,30,-25%,50%,Low,7,,,,,,,,30,30,40,50,30,40,20,20,20,40,20,30
google earth online,VND,1600,0%,-19%,Low,0,,,,,,,,1600,1600,1900,1300,1300,1000,1900,1900,1300,1300,1300,1300
earth google,VND,2900,-34%,0%,Low,0,773,3898,,,,,,2400,2400,2400,1900,2400,1600,6600,2900,2400,2900,2400,1900
bản đồ,VND,90500,0%,0%,Low,16,349,1345,,,,,,90500,90500,90500,90500,74000,74000,90500,90500,90500,90500,90500,90500
ban do,VND,9900,0%,-18%,Low,5,425,1560,,,,,,9900,12100,9900,9900,8100,6600,9900,9900,8100,8100,8100,8100
maps google maps,VND,2900,0%,0%,Low,1,16,1083,,,,,,2400,2400,2400,2900,2900,2400,3600,2900,3600,2400,2400,2400
google earth 3d,VND,1300,0%,-28%,Low,1,1040,2682,,,,,,1300,1900,1600,1600,1600,1300,2400,1600,880,720,880,720
vị trí của tôi,VND,60500,-33%,22%,Low,2,304,1274,,,,,,40500,40500,40500,40500,40500,60500,74000,74000,90500,90500,74000,60500
google map chỉ đường,VND,40500,22%,173%,Low,2,520,1820,,,,,,22200,27100,27100,27100,33100,40500,40500,40500,49500,49500,49500,60500
maps 3d,VND,880,0%,-12%,Low,2,2717,24497,,,,,,880,1000,880,880,880,590,880,1300,1300,880,1300,880
google maps google maps,VND,480,-19%,-33%,Low,4,203,1040,,,,,,320,480,590,590,590,590,590,590,480,320,320,260
bản đồ chỉ đường,VND,5400,22%,22%,Low,11,609,1820,,,,,,5400,5400,4400,3600,4400,6600,6600,5400,6600,5400,6600,6600
google google maps,VND,110000,0%,22%,Low,1,99,662,,,,,,90500,90500,90500,110000,90500,74000,110000,110000,110000,110000,110000,110000
google 3d,VND,210,24%,-19%,Low,0,,,,,,,,170,210,210,210,210,210,210,170,170,170,210,210
app maps,VND,390,23%,23%,Low,3,563,2599,,,,,,320,390,390,320,390,260,390,390,480,390,390,480
vị trí,VND,40500,0%,0%,Low,4,502,1407,,,,,,40500,40500,33100,40500,33100,33100,40500,40500,40500,40500,33100,40500
chỉ đường,VND,8100,0%,22%,Low,6,510,1560,,,,,,6600,6600,6600,6600,6600,8100,9900,9900,9900,9900,9900,9900
maps earth,VND,590,0%,-18%,Low,4,1040,13257,,,,,,720,720,720,590,720,480,720,720,590,590,480,590
google map vệ tinh,VND,9900,0%,-45%,Low,4,778,2677,,,,,,12100,14800,18100,12100,9900,8100,8100,6600,6600,6600,6600,6600
gps 3d,VND,10,0%,0%,Low,0,,,,,,,,10,10,10,10,10,10,10,10,10,10,10,10
tạo doanh nghiệp trên google map,VND,140,50%,0%,Low,7,1738,3991,,,,,,140,140,110,110,140,70,70,90,140,140,140,210
seo google maps,VND,3600,0%,-89%,Medium,45,7769,32473,,,,,,480,390,9900,14800,12100,210,480,260,260,210,260,210
mua review google,VND,70,-71%,0%,Low,16,5078,13114,,,,,,50,50,70,40,50,40,70,50,70,170,170,50
tạo địa điểm doanh nghiệp trên google map,VND,10,0%,-67%,Low,12,,,,,,,,20,20,10,10,10,10,10,10,10,10,10,10
app google earth,VND,1300,14%,-23%,Low,3,1040,2608,,,,,,1300,1900,1600,1300,1300,1000,1300,1900,880,880,1000,1000
vị trí hiện tại,VND,33100,-18%,49%,Low,2,260,1056,,,,,,27100,22200,22200,22200,22200,33100,33100,33100,33100,49500,49500,40500
xác định vị trí hiện tại của tôi,VND,2900,26%,-64%,Low,2,520,1430,,,,,,6600,4400,2900,2400,2400,2900,2900,1900,1600,1900,1900,2400
chỉ đường đi,VND,3600,0%,22%,Low,8,483,1560,,,,,,2900,2900,2400,2400,1900,2900,3600,3600,3600,4400,4400,4400
bản đồ vệ tinh,VND,4400,0%,-33%,Low,16,566,1820,,,,,,5400,4400,5400,4400,3600,2900,4400,4400,3600,3600,4400,3600
dịch vụ google map,VND,4400,0%,-32%,Low,12,7109,14895,,,,,,1900,1000,9900,14800,14800,1300,1600,1300,1000,880,1000,880
bản đồ chỉ đường đi xe máy,VND,3600,22%,83%,Low,11,520,1829,,,,,,3600,3600,3600,3600,2900,2900,4400,4400,4400,3600,4400,4400
bản đồ định vị,VND,720,0%,-41%,Low,16,520,1820,,,,,,880,880,880,720,590,590,720,720,590,590,590,590
street view online,VND,10,0%,0%,Low,0,,,,,,,,10,10,10,0,10,10,0,0,10,10,10,10
đăng ký doanh nghiệp trên google map,VND,30,50%,0%,Low,10,,,,,,,,30,40,30,30,30,10,30,40,30,20,40,30
đăng ký địa chỉ trên google map,VND,260,-18%,-18%,Low,13,298,3979,,,,,,140,1000,170,140,140,110,170,210,170,170,140,140
tạo google map cho doanh nghiệp,VND,90,0%,29%,Low,9,487,4815,,,,,,70,90,90,110,70,50,90,70,90,90,90,90
tải google earth,VND,2900,0%,-19%,Low,14,432,1309,,,,,,3600,2900,2900,2900,2900,1900,3600,2900,2900,2900,2900,2900
cách đăng ký địa chỉ trên google map,VND,140,0%,21%,Low,11,298,696,,,,,,110,170,70,140,170,140,140,140,140,170,170,170
bản đồ chỉ đường đi,VND,3600,23%,184%,Low,8,431,1882,,,,,,2400,2900,2900,3600,2900,3600,4400,5400,5400,4400,5400,5400
ban đồ,VND,1600,-19%,-32%,Low,9,398,1300,,,,,,1600,1600,1600,1300,1300,1300,1600,1600,1600,1600,1600,1300
cách định vị vị trí,VND,390,0%,-46%,Low,29,530,2339,,,,,,590,590,480,480,390,390,390,320,320,320,320,320
google chỉ đường,VND,2400,23%,514%,Low,2,520,1966,,,,,,720,590,720,880,1300,2400,2400,2900,3600,4400,5400,5400
google map android,VND,40,0%,33%,Low,1,,,,,,,,20,30,40,30,40,30,50,30,30,40,40,40
vị trí hiện tại của tôi,VND,40500,82%,232%,Low,2,432,1300,,,,,,27100,22200,18100,18100,22200,33100,40500,40500,49500,60500,74000,110000
tạo địa chỉ trên google map,VND,260,0%,0%,Low,6,297,697,,,,,,260,260,210,210,210,210,260,260,320,320,320,320
định vị đường đi,VND,480,50%,-33%,Medium,45,520,1633,,,,,,720,590,590,590,320,480,590,480,480,320,390,480
xác định vị trí số điện thoại trên google map,VND,1000,0%,-69%,Medium,60,1990,7649,,,,,,1900,1600,1300,1000,880,720,880,720,720,590,590,590
bản đồ vị trí,VND,1900,0%,19%,Low,6,520,2080,,,,,,1600,2400,2400,2400,1900,1900,2400,2400,2400,1900,1900,1900
tìm đường đi,VND,2400,-17%,-17%,Low,6,398,1560,,,,,,2400,2400,2400,2400,2400,1900,2400,2900,2900,2900,2400,2400
tạo địa điểm trên google map,VND,390,0%,-19%,Low,4,100,3958,,,,,,390,320,260,390,320,260,320,390,390,390,320,390
cách tạo google map cho doanh nghiệp,VND,90,-18%,-18%,Low,16,298,4974,,,,,,110,110,110,70,110,50,110,110,90,110,90,90
đăng ký doanh nghiệp trên google,VND,10,0%,0%,Medium,38,,,,,,,,10,10,10,10,20,10,10,10,10,10,10,10
earth online,VND,70,200%,125%,Low,0,,,,,,,,40,40,170,50,70,50,110,40,50,30,110,90
định vị bản đồ,VND,390,-19%,85%,Low,10,520,1764,,,,,,320,320,260,320,320,320,390,390,480,590,480,480
dịch vụ xác minh google map,VND,880,-64%,-56%,Low,8,8415,16807,,,,,,590,720,720,1600,1600,880,1600,1000,1000,880,480,320
tìm đường,VND,2900,0%,24%,Low,2,431,1300,,,,,,2900,2400,2900,2900,2400,2400,3600,3600,4400,3600,3600,3600
cách tạo địa chỉ trên google map,VND,480,23%,-19%,Low,8,297,696,,,,,,480,480,390,390,390,390,480,480,390,390,480,480
thêm doanh nghiệp vào google map,VND,40,175%,450%,Low,6,696,7132,,,,,,20,20,20,20,50,30,70,50,40,40,30,110
tạo google map doanh nghiệp,VND,50,0%,0%,Low,10,328,4373,,,,,,50,50,40,40,70,30,50,40,50,50,70,50
google map 3d online,VND,320,23%,1867%,Low,0,,,,,,,,20,10,10,90,210,210,390,390,590,480,590,590
dịch vụ làm google map,VND,30,0%,100%,Medium,55,6927,21004,,,,,,10,50,20,40,40,20,20,20,20,20,30,20
đăng ký google map cho doanh nghiệp,VND,40,0%,-25%,Low,17,824,6691,,,,,,30,40,50,30,40,50,30,40,40,30,30,30
xác minh google map,VND,390,0%,50%,Low,16,3986,9966,,,,,,140,1300,320,720,320,140,260,210,210,210,210,210
cách tạo doanh nghiệp trên google map,VND,40,25%,150%,Low,10,299,697,,,,,,50,30,30,30,40,20,50,50,50,40,30,50
google map 3d việt nam,VND,480,0%,22%,Low,2,520,3826,,,,,,390,480,590,590,480,480,720,590,590,390,480,390
cách đăng ký địa chỉ doanh nghiệp trên google map,VND,10,0%,-67%,Low,18,,,,,,,,20,10,10,10,10,10,10,10,10,10,10,10
đăng ký google map,VND,260,-19%,-19%,Low,14,2429,4378,,,,,,260,390,320,210,170,110,210,260,260,260,260,210
dich vu google map,VND,20,0%,-75%,Low,19,,,,,,,,40,20,20,30,30,20,30,20,20,10,30,10
đưa doanh nghiệp lên google,VND,10,0%,0%,Low,29,,,,,,,,10,10,10,10,10,10,10,10,10,10,10,10
dịch vụ đánh giá google maps,VND,880,0%,0%,Low,7,4879,13914,,,,,,1000,720,880,1000,720,720,1300,1000,720,880,720,880
bản đồ vệ tinh trực tiếp,VND,1600,30%,-55%,Low,10,780,2599,,,,,,2900,2400,2900,1600,1300,1000,1900,1300,1300,1000,1300,1300
google earth việt nam,VND,720,0%,-18%,Low,2,780,3379,,,,,,480,720,880,720,720,590,720,720,480,590,590,590
đăng ký địa chỉ doanh nghiệp trên google map,VND,10,0%,0%,Low,0,,,,,,,,20,10,10,10,10,10,10,10,10,10,10,10
tạo vị trí trên google map,VND,210,0%,24%,Low,3,245,328,,,,,,170,140,210,210,210,170,210,260,210,260,210,260
mua bản quyền google map,VND,10,0%,-50%,Low,15,,,,,,,,10,10,20,10,10,10,10,10,10,10,10,10
mua đánh giá google map,VND,210,-19%,53%,Low,16,5769,13888,,,,,,110,110,110,260,210,140,260,210,210,320,320,260
dịch vụ đánh giá google,VND,40,33%,-64%,Low,15,7037,13881,,,,,,40,40,40,30,30,20,40,40,40,30,20,40
google map vệ tinh 3d,VND,1900,0%,-66%,Low,4,780,3061,,,,,,2400,2900,3600,2400,1900,1900,2400,1900,1600,1000,1300,1000
cách tạo địa điểm trên google map bằng điện thoại,VND,480,0%,-34%,Low,1,,,,,,,,480,480,390,480,480,320,390,590,480,390,390,390
dịch vụ đánh giá 5 sao google,VND,20,-67%,-67%,Low,17,,,,,,,,30,30,30,10,40,10,20,30,30,30,30,10
dịch vụ review google map,VND,210,-46%,-46%,Low,10,6820,13888,,,,,,320,320,260,390,260,90,210,260,170,260,210,140
đánh giá google maps,VND,880,22%,22%,Low,5,5560,9309,,,,,,590,720,720,1000,590,590,1600,880,880,720,720,880
đăng ký vị trí trên google map,VND,90,29%,-18%,Low,11,132,697,,,,,,90,50,90,110,70,90,110,90,110,70,50,90
cách đăng ký google map cho doanh nghiệp,VND,20,0%,-33%,Low,16,253,697,,,,,,20,10,20,10,10,20,30,30,30,20,10,20
mua đánh giá google,VND,110,-36%,-47%,Low,20,4960,13901,,,,,,110,110,140,90,90,70,70,90,110,140,210,90
dịch vụ map,VND,10,-33%,-33%,Low,28,4386,13914,,,,,,30,20,10,20,10,10,10,10,20,30,10,20
review google maps,VND,480,156%,156%,Low,4,7037,10229,,,,,,390,390,320,390,390,260,390,590,590,390,880,1000
cách đăng ký doanh nghiệp trên google map,VND,10,-50%,0%,Low,6,,,,,,,,10,10,10,10,10,10,10,10,10,20,10,10
mua đánh giá 5 sao google map,VND,20,67%,67%,Low,9,5769,13927,,,,,,30,10,10,20,50,10,20,30,10,30,30,50
tăng đánh giá google map,VND,320,85%,85%,Low,8,7035,13868,,,,,,390,390,390,210,320,140,590,170,140,260,140,480
dịch vụ xác minh map,VND,110,22%,120%,Low,13,6444,13946,,,,,,390,90,70,70,110,70,90,90,110,90,90,110
dịch vụ đánh giá 5 sao google map,VND,20,67%,150%,Low,9,5870,12628,,,,,,10,10,30,10,10,10,20,20,30,30,40,50
bản đồ đường đi,VND,480,0%,51%,Low,14,331,1385,,,,,,320,390,320,320,390,480,480,480,590,590,590,590
đánh giá map,VND,140,433%,182%,Low,5,6818,8651,,,,,,110,110,110,110,70,50,90,90,110,90,90,480
đánh giá trên google map,VND,140,-18%,27%,Low,4,694,11836,,,,,,140,90,90,110,110,90,110,110,170,170,170,140
đánh giá google,VND,390,0%,-18%,Low,2,7617,11841,,,,,,390,390,720,320,320,170,260,320,320,320,390,320
bản đồ map,VND,880,0%,14%,Low,4,500,1824,,,,,,720,880,880,880,880,720,1000,1000,1000,1000,1000,1000
đánh giá địa điểm trên google map,VND,20,50%,50%,Low,1,,,,,,,,30,20,10,20,20,20,10,20,20,20,20,30
tạo google maps,VND,260,-19%,24%,Low,4,2920,4364,,,,,,210,260,210,260,320,140,260,260,320,320,260,260
tạo map google,VND,30,-25%,50%,Low,1,,,,,,,,20,20,10,30,30,30,40,30,40,40,40,30
review maps,VND,1900,400%,511%,Low,6,6556,12161,,,,,,590,1300,1600,2900,1600,880,1900,1000,1000,880,3600,4400
cách tạo địa điểm trên google map,VND,260,0%,0%,Low,2,297,666,,,,,,260,260,210,210,260,210,260,320,210,320,320,320
địa chỉ google map,VND,90,0%,22%,Low,2,,,,,,,,70,90,110,90,90,70,70,90,90,110,110,110
đăng ký địa điểm trên google maps,VND,70,-29%,-44%,Low,18,298,3981,,,,,,90,70,70,70,90,90,70,70,70,70,70,50
tạo gg map,VND,260,-19%,24%,Low,4,2920,4364,,,,,,210,260,210,260,320,140,260,260,320,320,260,260
in bản đồ,VND,90,175%,57%,Low,13,3968,5377,,,,,,70,70,30,70,40,70,70,70,70,40,320,110
tài khoản google map,VND,20,0%,-33%,Low,1,,,,,,,,20,20,20,10,10,20,30,20,30,20,30,20
xác minh địa điểm trên google map,VND,10,-50%,0%,Low,10,,,,,,,,10,10,10,20,10,10,20,10,10,20,20,10
đăng ký địa chỉ google map,VND,50,29%,350%,Low,13,227,3988,,,,,,30,30,50,50,70,50,40,30,40,70,50,90
google địa điểm,VND,70,0%,0%,Low,0,,,,,,,,50,90,70,70,90,70,70,90,70,70,70,70
đánh giá 5 sao trên google map,VND,40,-29%,0%,Low,7,,,,,,,,50,40,40,70,20,10,40,40,30,70,50,50
cách đăng ký địa chỉ cửa hàng trên google map,VND,10,0%,0%,Low,19,,,,,,,,10,10,10,10,10,10,10,10,10,10,10,10
xóa đánh giá trên google map,VND,40,-40%,-25%,Low,2,,,,,,,,40,70,70,30,30,20,50,40,40,50,30,30
đăng ký địa điểm google map,VND,20,0%,100%,Low,4,,,,,,,,20,20,20,10,20,20,30,10,10,20,10,20
cách đăng ký địa điểm trên google maps,VND,90,22%,22%,Low,9,298,696,,,,,,70,70,90,70,70,70,110,90,70,90,90,110
cách đưa địa chỉ cửa hàng lên google map,VND,10,0%,0%,Low,17,,,,,,,,10,10,10,10,10,10,10,20,10,10,10,10
review map,VND,1900,400%,511%,Low,6,6556,12161,,,,,,590,1300,1600,2900,1600,880,1900,1000,1000,880,3600,4400
tắt đánh giá trên google map,VND,50,-60%,-78%,Low,0,,,,,,,,70,50,70,40,30,30,50,20,50,50,50,20
đưa địa chỉ doanh nghiệp lên google maps,VND,10,0%,-50%,Low,4,,,,,,,,10,10,10,10,10,10,10,10,10,10,10,10
tạo tài khoản google map,VND,10,0%,0%,Low,2,,,,,,,,10,10,10,10,10,20,20,10,10,10,10,10
tạo maps,VND,90,0%,0%,Low,1,,,,,,,,90,90,70,90,90,70,110,110,110,90,90,90
cách đăng ký địa điểm trên google map,VND,90,22%,22%,Low,9,298,696,,,,,,70,70,90,70,70,70,110,90,70,90,90,110
google map mới,VND,90,0%,-55%,Low,0,,,,,,,,90,140,50,70,70,50,170,70,110,50,40,50
đăng ký trên google map,VND,30,-50%,-33%,Low,10,,,,,,,,20,20,40,30,30,20,40,20,30,40,30,20
cách đăng ký tên trên google map,VND,20,-33%,-33%,Low,7,,,,,,,,30,30,20,20,20,10,20,20,30,30,20,20
cách xóa đánh giá trên google map,VND,90,-47%,29%,Low,0,,,,,,,,70,110,90,90,90,50,90,110,90,170,110,90
cách đăng ký google maps,VND,140,0%,-18%,Low,12,298,699,,,,,,140,110,90,110,110,70,140,140,140,140,170,140
đăng ký địa điểm trên google,VND,10,-50%,0%,Low,7,,,,,,,,20,10,10,30,10,10,10,10,10,20,10,10
đưa cửa hàng lên google map,VND,20,0%,0%,Low,13,,,,,,,,30,10,20,10,10,10,20,30,20,20,20,20
đăng ký tên trên google map,VND,20,-50%,0%,Low,9,,,,,,,,20,20,20,10,10,10,20,20,30,20,10,10
cách đăng ký trên google map,VND,50,-29%,-29%,Low,5,298,328,,,,,,50,50,50,40,40,40,50,50,50,70,70,50
cách xoá đánh giá trên google map,VND,90,-47%,29%,Low,0,,,,,,,,70,110,90,90,90,50,90,110,90,170,110,90
cách đăng ký cửa hàng trên google map,VND,30,50%,50%,Low,4,,,,,,,,20,30,20,30,40,20,20,20,30,20,30,30
hướng dẫn đăng ký địa điểm trên google map,VND,10,0%,0%,Low,0,,,,,,,,10,10,10,10,10,10,10,10,10,10,10,10
tạo cửa hàng trên google map,VND,20,100%,0%,Low,6,,,,,,,,20,20,30,20,20,10,20,30,30,20,40,40
tạo map trên google,VND,30,50%,-40%,Low,6,,,,,,,,40,40,30,30,20,10,20,40,30,20,30,30
đăng ký cửa hàng trên google map,VND,20,-33%,-33%,Low,13,3424,3988,,,,,,30,20,20,20,20,10,30,20,20,30,20,20
đăng ký địa chỉ lên google map,VND,10,0%,0%,Low,14,,,,,,,,10,10,10,10,10,10,10,10,30,10,10,10
đăng ký định vị google map,VND,20,0%,100%,Low,17,328,4373,,,,,,10,10,10,20,20,20,30,20,20,20,20,20
đăng ký địa chỉ nhà trên google map,VND,20,0%,100%,Low,3,,,,,,,,10,20,10,10,10,20,10,10,20,20,20,20
dịch vụ tăng review google,VND,10,-100%,-100%,Unknown,,,,,,,,,10,10,10,10,10,10,10,10,10,10,10,0
định vị chỉ đường,VND,170,-19%,53%,Medium,51,609,2057,,,,,,170,170,210,170,110,140,170,140,210,320,210,260
cách đưa địa chỉ công ty lên google map,VND,10,0%,0%,Medium,43,,,,,,,,10,10,10,10,10,10,10,10,10,10,10,10
cách đưa cửa hàng lên google map,VND,30,50%,-25%,Low,8,,,,,,,,50,40,40,30,30,20,30,40,20,20,50,30
hướng dẫn đăng ký địa chỉ trên google map,VND,10,0%,0%,Low,0,,,,,,,,10,10,10,10,10,10,10,10,10,10,10,10
cách đưa địa chỉ doanh nghiệp lên google map,VND,10,0%,-67%,Low,14,,,,,,,,20,10,20,10,10,10,10,10,10,10,10,10
cách tạo google maps,VND,170,0%,21%,Low,7,297,695,,,,,,210,210,170,170,140,90,170,170,210,170,140,170
đánh giá địa điểm,VND,10,0%,-67%,Low,14,,,,,,,,10,20,10,10,10,10,10,10,10,10,10,10
cách tạo địa chỉ doanh nghiệp trên google map,VND,10,0%,-50%,Low,5,,,,,,,,20,10,10,10,20,10,10,10,10,10,10,10
cách tạo địa chỉ cửa hàng trên google map,VND,10,0%,0%,Low,14,,,,,,,,10,10,10,20,10,10,20,10,20,10,10,10
tạo 1 địa điểm trên google map,VND,10,0%,0%,Low,10,,,,,,,,10,10,10,10,10,10,10,10,10,10,10,10
cách đặt tên trên google maps,VND,70,0%,0%,Low,4,,,,,,,,70,90,50,70,50,70,110,70,70,90,70,90
tạo địa chỉ google map,VND,50,29%,200%,Low,3,238,328,,,,,,30,30,10,20,70,70,70,70,70,70,70,90
cách đặt tên cửa hàng trên google map,VND,10,-67%,-50%,Low,11,,,,,,,,10,10,10,10,10,10,10,10,10,30,10,10
đăng ký cửa hàng lên google map,VND,10,0%,0%,Low,16,,,,,,,,10,10,10,10,10,10,0,10,10,10,10,10
cách đăng ký địa điểm kinh doanh trên google map,VND,10,0%,-50%,Low,17,,,,,,,,20,10,10,10,10,10,10,10,10,10,20,10
đưa địa chỉ công ty lên google map,VND,10,0%,0%,Low,14,,,,,,,,10,10,10,10,10,10,10,10,10,10,10,10
cách tạo tên cửa hàng trên google map,VND,10,100%,100%,Low,14,298,3862,,,,,,10,10,10,10,10,10,20,10,20,10,20,20
đăng ký vị trí google map,VND,20,100%,300%,Low,6,298,3664,,,,,,10,30,10,0,10,20,20,10,10,20,40,40
google maps mới nhất,VND,1000,-12%,0%,Low,3,895,3379,,,,,,880,1000,1300,1300,1000,1000,1300,1300,1300,1000,1000,880
dịch vụ xác minh doanh nghiệp google,VND,10,0%,-50%,Medium,50,8006,14913,,,,,,10,10,10,10,20,10,20,20,20,10,10,10
tạo địa chỉ doanh nghiệp trên google map,VND,10,0%,-50%,Low,9,,,,,,,,20,20,20,20,10,10,10,10,20,10,10,10
cách làm định vị cửa hàng trên google map,VND,10,0%,0%,Low,20,,,,,,,,10,10,10,10,10,10,10,10,0,10,10,10
cách làm google maps,VND,40,75%,0%,Low,9,298,697,,,,,,50,50,40,40,30,20,50,70,50,40,30,70
cách tạo cửa hàng trên google map,VND,30,0%,-50%,Low,19,326,696,,,,,,20,20,10,20,20,20,30,40,30,20,40,20
hướng dẫn đưa địa chỉ doanh nghiệp lên google map,VND,10,0%,0%,Low,14,,,,,,,,10,10,10,10,10,0,10,10,10,10,10,10
google maps doanh nghiệp,VND,110,27%,-18%,Low,1,,,,,,,,170,140,110,90,110,70,70,90,90,110,140,140
cách đưa vị trí cửa hàng lên google map,VND,20,150%,400%,Low,9,298,697,,,,,,10,10,10,10,20,10,10,10,30,20,30,50
tạo điểm trên google map,VND,30,0%,50%,Low,11,298,698,,,,,,30,20,20,20,20,20,30,40,40,30,20,30
tạo địa điểm google map,VND,40,50%,-25%,Low,7,,,,,,,,30,50,50,40,40,40,40,30,40,20,40,30
đăng ký số nhà trên google map,VND,10,0%,0%,Low,0,,,,,,,,10,10,10,10,10,10,10,10,10,10,10,10
cách đưa địa chỉ quán lên google map,VND,10,0%,0%,Low,6,,,,,,,,10,10,10,10,20,10,10,10,10,10,20,10
đăng ký địa chỉ công ty trên google map,VND,10,0%,0%,Low,5,,,,,,,,10,10,10,10,10,10,10,10,10,10,10,10
cách đưa tên cửa hàng lên google map,VND,10,0%,0%,Low,6,,,,,,,,10,10,20,10,10,10,10,10,10,10,10,10
cách đăng ký vị trí cửa hàng trên google map,VND,10,-50%,0%,Low,16,,,,,,,,10,10,10,10,10,10,10,10,40,20,20,10
cách gắn tên cửa hàng lên google map,VND,10,0%,-50%,Low,29,,,,,,,,10,20,10,10,10,10,10,10,10,10,10,10
cập nhật địa chỉ trên google map,VND,50,-57%,-57%,Low,1,,,,,,,,50,50,40,50,50,40,50,70,40,70,50,30
hướng dẫn đăng ký vị trí trên google map,VND,10,0%,0%,Low,17,,,,,,,,10,10,10,10,10,10,10,10,10,10,10,10
tạo địa chỉ nhà trên google map,VND,20,0%,-33%,Low,2,,,,,,,,10,10,10,10,20,20,20,20,30,20,30,20
cách đăng ký tên cửa hàng trên google map,VND,10,0%,0%,Low,19,,,,,,,,10,10,10,10,10,10,10,10,10,10,10,10
cách đăng ký địa chỉ trên google,VND,40,-50%,-91%,Low,15,,,,,,,,110,50,70,40,40,40,10,20,10,20,10,10
đăng ký vị trí trên google,VND,10,0%,0%,Low,14,,,,,,,,10,10,10,10,10,10,10,10,20,10,30,10
tạo vị trí doanh nghiệp trên google map,VND,10,200%,200%,Low,10,327,3980,,,,,,20,10,10,10,10,10,10,10,10,10,10,30
cách đặt tên địa chỉ trên google map,VND,20,100%,0%,Low,6,,,,,,,,20,30,20,30,10,10,30,30,30,10,20,20
google maps 5,VND,10,0%,-50%,Low,0,,,,,,,,20,10,10,10,10,10,10,10,10,10,10,10
cách cài đặt vị trí cửa hàng trên google map,VND,10,0%,0%,Low,13,,,,,,,,10,10,10,10,10,10,10,10,10,10,20,10
đăng ký doanh nghiệp lên google map,VND,10,0%,0%,Low,0,,,,,,,,10,10,10,10,10,10,10,10,10,10,10,10
đăng ký địa chỉ trên google,VND,20,0%,-67%,Low,10,,,,,,,,30,30,10,10,10,10,20,20,10,10,10,10
tạo định vị trên google map,VND,70,75%,-36%,Low,1,,,,,,,,70,110,90,90,70,50,90,70,90,40,70,70
đăng ký địa điểm kinh doanh trên google map,VND,10,0%,-50%,Low,9,,,,,,,,10,10,10,10,10,10,10,20,10,10,10,10
đưa địa chỉ nhà lên google map,VND,20,50%,50%,Low,1,,,,,,,,10,20,20,20,20,20,20,20,20,20,20,30
cách tạo tài khoản google maps,VND,10,0%,0%,Low,0,,,,,,,,10,10,10,10,10,10,10,10,10,10,10,10
google maps google maps google,VND,10,-100%,-100%,Unknown,,,,,,,,,10,10,10,0,10,10,10,10,10,10,10,0
tạo địa chỉ công ty trên google map,VND,10,0%,-50%,Low,11,,,,,,,,20,10,10,10,20,10,10,10,20,10,10,10
định vị công ty trên google map,VND,20,100%,-33%,Low,9,,,,,,,,10,20,20,10,20,10,20,20,20,10,20,20
cách đăng ký địa chỉ công ty trên google map,VND,10,0%,0%,Low,14,,,,,,,,10,10,10,10,10,10,10,10,10,10,10,10
doanh nghiệp trên google map,VND,20,50%,200%,Low,2,,,,,,,,20,20,20,20,20,10,30,20,30,20,20,30
cách tạo vị trí cửa hàng trên google map,VND,20,100%,0%,Low,10,,,,,,,,20,20,50,30,20,30,20,10,20,10,10,20
đăng ký quán trên google map,VND,20,-50%,-50%,Low,13,,,,,,,,10,20,10,10,10,10,10,10,20,20,30,10
cách thêm cửa hàng trên google map,VND,30,50%,-25%,Low,10,299,696,,,,,,20,30,40,40,20,20,20,20,30,20,30,30
cách định vị cửa hàng trên google map,VND,20,-33%,-33%,Low,10,,,,,,,,40,20,20,20,30,10,30,20,30,30,30,20
tạo địa điểm trên google,VND,50,0%,40%,Low,11,326,694,,,,,,70,70,50,50,40,20,40,50,70,70,90,70
hiển thị địa chỉ trên google map,VND,10,0%,0%,Low,24,,,,,,,,10,10,10,10,0,10,10,10,10,10,10,10
cách đăng ký định vị trên google map,VND,40,-40%,-25%,Low,7,115,327,,,,,,40,30,30,30,40,20,40,40,40,50,20,30
cách tạo địa chỉ google map,VND,20,-50%,0%,Low,4,,,,,,,,10,10,20,10,20,10,10,50,30,20,10,10
google maps bản đồ,VND,170,23%,357%,Low,1,,,,,,,,50,70,90,110,140,170,210,210,260,260,260,320
cách đăng ký vị trí trên google map,VND,90,22%,57%,Low,11,297,696,,,,,,90,90,90,110,110,70,90,90,90,90,110,110
cách đặt tên công ty trên google map,VND,10,0%,0%,Low,4,,,,,,,,10,10,10,10,10,10,10,10,10,10,10,10
định vị doanh nghiệp trên google map,VND,10,0%,-50%,Low,15,,,,,,,,10,10,10,10,10,10,10,10,10,10,20,10
cách làm địa chỉ trên google map,VND,40,-50%,-50%,Low,6,,,,,,,,30,50,50,40,20,30,50,50,40,40,30,20
thêm cửa hàng trên google map,VND,30,0%,-33%,Low,17,298,3538,,,,,,30,40,30,20,20,10,20,40,30,20,30,20
cách tạo tên trên google map,VND,30,50%,0%,Low,5,,,,,,,,30,30,30,30,20,30,20,30,20,20,10,30
đăng ký tên cửa hàng trên google map,VND,10,0%,0%,Low,29,,,,,,,,10,10,0,10,10,0,10,10,10,10,10,10
cách đăng ký vị trí trên google,VND,10,0%,0%,Low,17,,,,,,,,10,10,30,10,10,30,10,10,10,10,10,10
đặt vị trí trên google map,VND,50,-56%,-20%,Low,3,,,,,,,,40,40,30,50,50,50,70,40,70,90,40,40
cách tạo địa chỉ công ty trên google map,VND,10,0%,0%,Low,11,,,,,,,,10,10,10,10,10,10,10,10,10,10,10,10
đổi địa chỉ trên google map,VND,20,0%,-67%,Low,2,,,,,,,,20,20,20,20,10,10,20,10,20,10,20,10
đăng ký tên quán trên google map,VND,10,0%,0%,Low,17,,,,,,,,10,10,10,10,10,10,10,10,10,10,10,10
cách đưa công ty lên google map,VND,10,0%,0%,Low,19,,,,,,,,10,10,10,10,10,10,10,10,10,10,10,10
cách cài định vị cửa hàng trên google map,VND,10,0%,0%,Low,0,,,,,,,,10,10,10,10,10,10,10,10,10,10,10,10
cách tạo địa chỉ trên map,VND,50,-60%,-60%,Low,6,,,,,,,,50,70,70,30,50,40,50,40,40,50,50,20
cách định vị quán trên google map,VND,20,-75%,-50%,Low,8,,,,,,,,20,20,30,20,20,20,30,20,20,40,40,10
tạo địa chỉ trên bản đồ,VND,10,∞,0%,Low,14,,,,,,,,10,10,10,10,10,10,10,10,10,0,10,10
đặt tên địa điểm trên google map,VND,20,-33%,0%,Low,8,,,,,,,,10,10,10,20,10,20,20,10,20,30,10,20
cách tạo vị trí trên google map,VND,260,50%,129%,Low,2,124,507,,,,,,140,170,210,260,210,260,210,260,260,260,320,390
cách đăng ký nhà hàng trên google map,VND,10,0%,0%,Low,10,,,,,,,,10,10,10,10,10,10,10,10,10,10,10,10
đặt địa điểm trên google map,VND,20,-75%,-50%,Low,2,,,,,,,,20,20,10,10,10,10,10,30,40,40,30,10
cách hiện tên trên google map,VND,10,0%,0%,Low,0,,,,,,,,10,10,10,10,10,10,10,10,0,10,10,10
cách tạo vị trí doanh nghiệp trên google map,VND,10,200%,200%,Low,10,298,1498,,,,,,10,10,10,10,10,10,10,10,10,10,30,30
tạo cửa hàng trên google,VND,10,-100%,-100%,Unknown,,,,,,,,,10,10,10,10,10,10,10,20,10,10,10,0
cách tạo địa chỉ nhà trên google map,VND,30,50%,-25%,Low,0,,,,,,,,30,30,20,30,30,50,40,50,40,20,30,30
thêm địa chỉ doanh nghiệp trên google map,VND,20,-50%,-67%,Low,4,,,,,,,,30,20,10,10,10,10,30,10,30,20,10,10
cách đặt tên địa điểm trên google map,VND,20,33%,0%,Low,6,297,328,,,,,,20,20,30,10,20,10,20,20,30,30,30,40
cách đưa địa chỉ lên google maps,VND,70,-29%,-44%,Low,10,326,696,,,,,,50,70,50,90,70,70,90,110,70,70,50,50
cách định vị doanh nghiệp trên google map,VND,10,0%,0%,Low,23,,,,,,,,10,10,10,10,10,10,10,10,10,10,10,10
cách cài địa điểm trên google map,VND,10,0%,0%,Low,13,,,,,,,,20,20,10,10,10,10,20,20,10,20,10,20
tạo địa điểm,VND,10,0%,0%,Low,6,,,,,,,,10,10,10,10,10,10,10,10,10,10,10,10
gắn địa điểm trên google map,VND,30,50%,0%,Low,15,96,592,,,,,,40,30,40,20,30,20,20,10,20,20,40,30
cách đặt địa chỉ trên google map,VND,50,75%,0%,Low,5,186,298,,,,,,70,40,70,70,50,40,70,70,50,40,90,70
đăng ký tên công ty trên google map,VND,10,0%,0%,Low,21,,,,,,,,10,10,10,10,10,0,10,10,10,10,10,10
gắn địa chỉ trên google map,VND,40,25%,67%,Low,4,,,,,,,,20,20,50,50,20,30,10,30,40,40,40,50
cách tạo điểm trên google map,VND,30,-25%,0%,Low,7,298,328,,,,,,30,40,30,30,30,40,40,40,40,40,20,30
cách tạo địa điểm trên google,VND,40,0%,300%,Low,6,298,328,,,,,,10,50,40,30,30,40,70,50,50,40,30,40
đăng ký google map miễn phí,VND,10,0%,0%,Low,5,,,,,,,,10,10,10,10,20,20,10,10,10,10,10,10
đăng địa chỉ lên google map,VND,10,0%,0%,Low,24,,,,,,,,10,10,10,10,10,10,10,10,10,10,10,10
cách đưa quán lên google map,VND,1300,0%,0%,Low,12,298,696,,,,,,20,12100,3600,10,10,20,10,10,20,30,30,30
tăng review google map,VND,40,0%,100%,Low,11,3984,8733,,,,,,20,50,30,40,30,50,30,50,90,40,70,40
cách đăng địa chỉ lên google map,VND,20,0%,-50%,Low,7,,,,,,,,20,20,20,30,20,20,30,20,20,20,20,20
doanh nghiệp không hiển thị trên google map,VND,10,0%,0%,Low,0,,,,,,,,10,10,10,10,10,10,10,10,10,10,10,10
sử dụng google maps,VND,70,-29%,-29%,Low,5,60,2339,,,,,,90,70,70,70,90,70,70,70,50,70,50,50
đưa địa điểm lên google map,VND,10,0%,-50%,Low,4,,,,,,,,20,10,10,10,10,10,10,10,10,10,10,10
đăng ký vị trí trên bản đồ,VND,10,0%,0%,Low,21,,,,,,,,10,10,0,10,10,10,10,10,10,10,10,10
cách tải địa chỉ lên google map,VND,10,0%,0%,Low,0,,,,,,,,10,10,10,10,0,10,0,10,10,10,20,10
cách đăng ký vị trí nhà trên google map,VND,20,100%,-60%,Low,1,,,,,,,,40,30,10,20,10,10,10,10,10,10,10,20
cách đưa cửa hàng lên google,VND,10,0%,0%,Low,19,,,,,,,,10,10,10,10,10,10,10,10,10,10,10,10
cách định vị công ty trên google map,VND,10,-50%,0%,Low,10,,,,,,,,20,20,10,10,10,10,20,10,10,20,10,10
cách cập nhật địa điểm trên google map,VND,10,0%,0%,Low,4,,,,,,,,10,10,10,10,10,10,10,10,10,10,10,10
cách đặt vị trí trên google map,VND,90,27%,0%,Low,2,115,299,,,,,,90,90,70,90,90,50,110,110,90,110,110,140
cách đưa tên công ty lên google map,VND,10,0%,0%,Low,29,,,,,,,,10,10,10,10,0,10,10,10,10,10,10,10
xóa google map,VND,40,40%,-22%,Low,3,,,,,,,,40,20,10,30,40,10,30,50,50,50,40,70
cài đặt địa điểm trên google map,VND,10,0%,-50%,Low,5,,,,,,,,10,20,10,10,10,10,10,20,20,10,10,10
cách đưa tên doanh nghiệp lên google map,VND,10,0%,0%,Low,19,,,,,,,,10,10,10,10,10,10,10,10,10,10,0,10
đưa doanh nghiệp lên google map,VND,30,0%,-50%,Low,16,,,,,,,,30,30,30,40,30,20,40,40,30,20,50,20
cách cài địa chỉ trên google map,VND,30,0%,0%,Low,9,,,,,,,,30,50,30,20,30,20,20,30,30,20,20,20
cách cập nhật địa chỉ trên google map,VND,70,0%,-22%,Low,1,,,,,,,,90,70,90,70,50,40,50,70,50,70,70,70
cách đặt địa điểm trên google map,VND,40,0%,25%,Low,2,,,,,,,,40,50,20,20,30,30,30,40,50,50,30,50
cách đưa doanh nghiệp lên google map,VND,20,100%,0%,Low,13,,,,,,,,20,30,20,10,20,20,20,20,20,10,40,20
đặt địa chỉ trên google map,VND,30,50%,-25%,Low,4,,,,,,,,30,30,30,30,20,40,20,20,20,20,30,30
cách thêm địa chỉ cửa hàng trên google map,VND,10,0%,0%,Low,19,298,697,,,,,,10,10,10,10,10,10,30,10,10,10,10,10
cách up địa chỉ lên google map,VND,10,-50%,0%,Low,3,,,,,,,,10,10,10,10,10,10,10,10,10,20,20,10
tạo địa điểm mới trên google map,VND,30,200%,50%,Low,5,,,,,,,,10,10,10,30,20,20,50,50,30,10,20,30
bản đồ google maps mới nhất,VND,50,-55%,-29%,Low,10,520,2946,,,,,,30,50,40,40,40,40,70,70,90,110,70,50
cách đặt tên vị trí trên google map,VND,30,-25%,-40%,Low,4,,,,,,,,40,30,40,40,40,30,30,30,30,40,20,30
maps mới nhất,VND,140,27%,0%,Low,9,1040,2944,,,,,,140,110,110,110,140,90,210,140,170,110,110,140
cho địa chỉ lên google map,VND,10,0%,0%,Low,0,,,,,,,,10,10,10,10,10,10,10,10,10,10,10,10
dang ky google map,VND,10,0%,0%,Low,7,,,,,,,,20,10,10,10,10,10,10,10,10,10,10,10
cách đưa vị trí quán lên google map,VND,20,100%,100%,Low,9,,,,,,,,20,10,20,10,10,10,40,40,20,10,10,20
cách ghim địa chỉ công ty trên google map,VND,20,-60%,100%,Low,3,,,,,,,,10,10,10,10,10,10,20,10,50,50,70,20
thêm địa điểm trên google map,VND,210,0%,-19%,Low,6,297,666,,,,,,260,210,210,210,210,210,170,210,210,210,170,210
cách đặt tên quán trên google map,VND,10,0%,-50%,Low,0,,,,,,,,20,20,10,10,10,10,10,10,10,10,10,10
cách cho địa chỉ lên google map,VND,10,0%,-50%,Low,21,,,,,,,,20,20,10,20,10,10,20,10,10,10,10,10
đưa địa chỉ lên google map,VND,30,-33%,-60%,Low,17,168,3427,,,,,,40,30,50,40,20,20,40,30,40,30,40,20
street google,VND,40,0%,33%,Low,0,,,,,,,,20,20,50,140,50,20,30,10,30,40,20,40
google maps việt nam,VND,1300,0%,-63%,Low,1,277,1403,,,,,,2900,1300,1300,1600,1600,1300,1600,1000,1300,880,1300,880
bản đồ google maps,VND,2400,22%,238%,Low,2,514,1879,,,,,,1300,1600,1900,1900,1900,1900,2400,2900,3600,3600,3600,4400
cách tạo map trên google,VND,10,0%,0%,Low,10,,,,,,,,20,10,10,10,10,10,10,10,10,10,10,10
đặt tên nhà trên google map,VND,20,0%,50%,Low,1,,,,,,,,20,20,20,10,10,20,20,10,20,30,20,30
cách đưa tên lên google map,VND,10,∞,0%,Low,4,,,,,,,,10,10,10,10,10,10,10,10,10,0,10,10
tạo vị trí google map,VND,30,-50%,0%,Low,3,,,,,,,,20,50,20,40,30,30,20,50,50,20,20,10
cách ghim tên cửa hàng trên google map,VND,20,-50%,-50%,Low,16,,,,,,,,10,10,10,20,10,20,40,50,40,20,20,10
đưa tên quán lên google map,VND,10,0%,0%,Low,25,,,,,,,,10,10,10,10,10,10,10,10,10,10,10,10
tạo tên quán trên google map,VND,10,0%,0%,Low,14,,,,,,,,10,10,10,10,20,10,10,10,10,10,20,10
vị trí google map,VND,260,0%,179%,Low,3,520,2080,,,,,,170,170,170,170,210,170,260,320,320,390,480,390
cách làm địa điểm trên google map,VND,20,0%,200%,Low,10,113,697,,,,,,20,20,10,20,20,10,20,30,30,30,20,30
shop google maps,VND,10,0%,0%,Low,0,,,,,,,,10,10,10,10,10,10,10,0,10,10,10,10
cách tạo định vị trên google map,VND,110,0%,-21%,Low,2,,,,,,,,140,140,90,90,90,110,140,140,110,110,110,110
cách đưa địa chỉ nhà lên google map,VND,70,175%,0%,Low,1,,,,,,,,90,90,70,40,50,50,70,50,50,40,70,110
đưa vị trí nhà lên google map,VND,10,0%,0%,Low,1,,,,,,,,10,10,10,10,10,20,30,20,20,10,10,10
cách gắn tên lên google map,VND,10,0%,-50%,Low,5,,,,,,,,10,10,10,10,10,10,10,10,10,10,10,10
cách đăng địa điểm lên google map,VND,10,0%,0%,Low,7,,,,,,,,10,10,10,10,10,10,10,10,10,10,10,10
cách đặt tên trên bản đồ google map,VND,20,50%,200%,Low,3,,,,,,,,10,10,10,10,10,10,10,40,30,20,20,30
cập nhật bản đồ google map mới nhất,VND,260,0%,53%,Low,6,1028,5667,,,,,,170,210,260,320,260,210,320,260,320,260,210,260
cách cài địa chỉ lên google map,VND,10,100%,100%,Low,3,,,,,,,,10,10,10,10,10,10,10,10,10,10,20,20
định vị google map,VND,1900,22%,817%,Low,1,530,2111,,,,,,390,390,390,590,1000,1300,1900,1900,2900,3600,3600,4400
cách đưa địa chỉ lên google,VND,10,-67%,0%,Low,8,,,,,,,,10,20,10,10,10,10,10,10,10,30,10,10
cách ghim cửa hàng lên google map,VND,10,100%,-33%,Low,4,,,,,,,,10,30,10,10,10,10,10,10,10,10,20,20
google maps 2,VND,10,50%,50%,Low,0,,,,,,,,20,10,10,10,10,10,20,10,20,20,10,30
cách đưa địa điểm lên google maps,VND,20,0%,0%,Low,7,,,,,,,,20,10,20,20,10,10,10,20,10,20,20,20
thêm địa điểm google map,VND,50,-25%,-40%,Low,3,,,,,,,,50,70,70,50,40,50,70,70,10,40,40,30
cách thiết lập địa chỉ trên google map,VND,10,0%,0%,Low,0,,,,,,,,10,10,10,10,10,10,10,10,10,10,10,10
gắn địa chỉ nhà lên google map,VND,20,200%,50%,Low,2,,,,,,,,30,10,10,20,30,30,50,20,10,10,20,30
tạo vị trí trên google,VND,10,0%,0%,Low,2,,,,,,,,10,10,10,30,10,10,10,10,30,10,20,10
đưa vị trí lên google map,VND,30,-25%,0%,Low,4,,,,,,,,20,20,30,40,40,20,40,40,40,40,40,30
cách thêm doanh nghiệp vào google map,VND,20,0%,-33%,Low,5,,,,,,,,20,20,20,20,30,20,10,10,20,20,20,20
định vị địa điểm trên google map,VND,20,100%,0%,Low,12,780,1820,,,,,,20,20,10,10,10,10,20,20,20,10,20,20
cách ghim cửa hàng trên google map,VND,30,50%,50%,Low,12,298,695,,,,,,40,20,30,30,30,20,40,50,40,20,30,30
thêm địa chỉ trên google map,VND,140,21%,0%,Low,4,298,661,,,,,,140,140,170,140,110,110,210,140,140,140,110,170
google map cập nhật mới nhất,VND,90,-22%,-50%,Low,2,,,,,,,,110,90,90,70,70,110,210,90,90,90,50,70
cách thêm địa chỉ quán lên google map,VND,10,0%,0%,Low,5,,,,,,,,10,10,10,10,10,10,10,10,10,10,10,10
google map chuẩn nhất,VND,10,0%,0%,Medium,38,1233,3379,,,,,,10,10,10,10,10,10,10,10,10,10,10,10
cách thêm địa điểm trên google map,VND,210,24%,86%,Low,4,298,695,,,,,,110,210,140,210,210,210,260,260,260,210,260,260
cách xoá địa chỉ trên google map,VND,110,22%,0%,Low,3,79,696,,,,,,110,90,110,110,110,70,110,110,140,90,110,110
thêm địa điểm lên google map,VND,10,0%,0%,Low,6,,,,,,,,10,40,10,10,10,10,10,10,10,10,10,10
gắn địa chỉ lên google map,VND,30,-25%,0%,Low,12,297,696,,,,,,20,30,20,10,10,20,20,30,40,40,20,30
bản đồ google cập nhật mới nhất,VND,10,0%,0%,Low,0,,,,,,,,10,10,10,10,20,10,10,10,10,10,10,10
cách đưa tên quán lên google map,VND,20,0%,0%,Low,10,,,,,,,,10,20,10,20,20,10,20,30,30,20,20,20
cách tạo vị trí trên google,VND,20,0%,0%,Low,7,,,,,,,,10,20,10,10,10,10,40,10,10,10,50,10
bản đồ google mới nhất,VND,10,0%,-50%,Low,11,,,,,,,,20,10,10,10,10,10,50,30,10,10,10,10
google bản đồ,VND,260,0%,0%,Low,2,762,2339,,,,,,210,210,210,390,210,210,210,260,260,260,260,260
cách gắn địa chỉ lên google map,VND,30,-71%,100%,Low,7,,,,,,,,10,10,10,20,20,20,30,30,70,70,20,20
địa chỉ,VND,27100,0%,0%,Low,0,301,2263,,,,,,27100,27100,22200,27100,27100,18100,27100,22200,22200,27100,27100,27100
cập nhật google map,VND,260,0%,0%,Low,3,1091,5794,,,,,,210,210,170,210,210,210,480,260,320,260,210,260
cách sử dụng google maps,VND,720,30%,120%,Low,1,102,1126,,,,,,480,390,320,320,480,590,720,880,1000,1000,1300,1300
cách tạo địa điểm nhà hàng trên google map,VND,10,-100%,-100%,Unknown,,,,,,,,,10,10,10,20,10,10,10,10,10,10,10,0
cài đặt địa chỉ trên google map,VND,20,100%,0%,Low,4,,,,,,,,20,20,20,10,10,20,20,10,10,10,20,20
thêm địa chỉ nhà lên google map,VND,30,-33%,100%,Low,1,,,,,,,,10,20,30,50,20,40,10,30,50,30,20,20
cách cài vị trí trên google map,VND,70,22%,57%,Low,5,263,3008,,,,,,70,70,70,40,30,20,40,40,70,90,110,110
địa chỉ google,VND,110,-21%,0%,Low,0,,,,,,,,110,110,140,110,110,110,170,140,110,140,140,110
cách add địa chỉ lên google map,VND,10,0%,0%,Low,0,,,,,,,,10,10,10,10,10,10,10,10,10,10,10,10
add địa chỉ lên google map,VND,10,100%,100%,Low,4,,,,,,,,10,20,10,20,10,10,10,10,10,10,10,20
cách tạo địa chỉ trên google,VND,30,-40%,0%,Low,14,299,696,,,,,,40,20,30,40,40,30,30,30,30,50,40,30
đăng ký quán ăn trên google map,VND,10,0%,0%,Low,21,,,,,,,,10,10,10,10,10,10,10,10,10,10,20,10
cách đăng ký quán ăn trên google map,VND,10,0%,0%,Low,4,,,,,,,,10,10,10,10,10,10,10,10,10,10,10,10
gg map vn,VND,1000,-33%,-55%,Low,1,103,5768,,,,,,1300,1300,1300,1300,1300,880,1300,1300,1000,880,720,590
xóa địa điểm trên google map,VND,140,0%,21%,Low,7,124,698,,,,,,140,110,110,170,170,140,140,140,170,170,140,170
định vị trên google maps,VND,70,0%,-22%,Low,7,780,4939,,,,,,90,70,50,90,90,70,70,90,70,70,70,70
cách đưa vị trí nhà lên google map,VND,30,25%,400%,Low,2,,,,,,,,10,10,20,20,30,30,20,10,40,40,70,50
đặt định vị trên google map,VND,30,-33%,-33%,Low,6,,,,,,,,20,20,30,30,20,20,30,20,40,30,20,20
tìm địa chỉ trên google map,VND,30,0%,50%,Low,6,,,,,,,,10,20,30,30,30,10,40,30,40,30,30,30
thêm địa chỉ lên google map,VND,20,0%,-75%,Low,11,,,,,,,,50,10,20,50,10,10,20,10,10,10,10,10
cách ghim vị trí công ty trên google map,VND,30,50%,0%,Low,10,298,696,,,,,,30,30,20,30,30,20,30,30,10,20,20,30
gg map online,VND,1300,30%,81%,Low,1,29,2884,,,,,,880,880,1000,1000,1300,1600,1600,1600,1300,1000,1300,1300
maps bản đồ,VND,1300,-12%,-54%,Low,3,342,1566,,,,,,1600,1600,1600,1600,1300,1000,1600,1300,1600,1000,880,880
tao dia diem tren google map,VND,10,0%,0%,Low,4,,,,,,,,10,10,10,10,10,10,10,10,10,10,10,10
cách cắm địa chỉ trên google map,VND,10,0%,0%,Low,0,,,,,,,,10,10,10,10,10,10,10,10,10,10,10,10
cách tìm google maps,VND,10,-50%,-67%,Low,18,,,,,,,,10,20,10,10,10,10,10,10,10,20,20,10
maps gg,VND,110000,0%,22%,Low,1,99,662,,,,,,90500,90500,90500,110000,90500,74000,110000,110000,110000,110000,110000,110000
cách tạo vị trí trên bản đồ,VND,50,0%,-79%,Low,8,298,696,,,,,,110,90,20,50,30,50,70,50,40,30,30,30
xóa địa chỉ trên google map,VND,110,0%,57%,Low,10,403,6966,,,,,,90,110,110,110,90,90,110,90,110,110,110,110
cách làm định vị trên google map,VND,50,0%,-29%,Low,3,,,,,,,,50,50,50,50,50,50,50,50,50,50,70,50
cách thêm tên quán trên google map,VND,20,0%,-50%,Low,16,,,,,,,,20,20,20,20,20,10,20,20,20,10,20,10
google định vị địa điểm,VND,10,0%,0%,Low,11,,,,,,,,10,10,10,10,20,10,10,10,10,10,10,10
cách vào google maps,VND,30,50%,-40%,Low,5,,,,,,,,70,50,40,30,20,20,30,30,20,20,30,30
tìm google maps,VND,110,21%,21%,Low,15,492,1319,,,,,,110,90,70,110,90,90,90,110,90,140,110,170
cài đặt vị trí trên google map,VND,50,150%,0%,Low,6,780,2685,,,,,,30,50,70,50,70,70,50,50,40,20,40,50
cách thêm địa chỉ trên google map,VND,320,22%,50%,Low,7,298,695,,,,,,320,320,320,320,320,390,390,320,390,320,320,390
map cập nhật mới nhất,VND,40,-33%,-60%,Low,22,875,1835,,,,,,50,50,30,30,30,30,50,40,40,30,30,20
cách xóa địa điểm trên google map,VND,110,22%,0%,Low,4,101,695,,,,,,110,110,90,90,90,90,140,140,90,90,110,110
cách làm vị trí trên google map,VND,40,67%,25%,Low,6,297,694,,,,,,20,40,40,30,40,20,50,50,30,30,50,50
google map bản mới nhất,VND,10,0%,0%,Low,5,,,,,,,,10,10,10,10,10,10,10,10,10,10,10,10
google google google maps,VND,10,0%,∞,Low,0,,,,,,,,10,0,10,10,0,10,0,10,0,10,10,10
chỉ đường trên google map,VND,30,-33%,-50%,Low,14,260,2080,,,,,,40,30,20,40,20,10,30,20,20,30,10,20
cách xóa vị trí trên google map,VND,90,-21%,57%,Low,3,121,697,,,,,,90,70,50,70,50,40,110,110,70,140,140,110
tìm kiếm google maps,VND,90,29%,-18%,Low,29,517,1345,,,,,,90,70,70,90,70,90,70,140,90,70,70,90
chỉ đường google map,VND,1300,21%,806%,Low,1,596,2122,,,,,,260,320,390,590,880,1300,1300,1600,2400,2400,2400,2900
cài định vị trên google map,VND,20,0%,-60%,Low,4,,,,,,,,40,40,20,30,20,20,10,20,20,20,20,20
cách đăng vị trí lên google map,VND,20,0%,-50%,Low,9,,,,,,,,30,40,30,20,30,10,20,30,30,20,20,20
cập nhật google map mới nhất,VND,90,0%,-50%,Low,8,1161,3738,,,,,,140,140,90,90,90,90,140,110,110,70,70,70
hướng dẫn sử dụng google maps,VND,90,29%,-47%,Low,3,24,398,,,,,,140,140,90,70,70,90,110,70,110,70,90,90
gg maps chỉ đường,VND,70,56%,367%,Low,2,497,2340,,,,,,30,20,30,50,50,50,90,90,70,90,90,140
cách tạo địa điểm quán ăn trên google map,VND,10,0%,0%,Low,4,,,,,,,,10,10,10,10,10,10,10,10,30,10,10,10
cách tạo map,VND,30,50%,0%,Low,3,,,,,,,,40,40,30,20,20,30,40,30,30,20,40,30
cách đưa vị trí lên google map,VND,50,0%,-22%,Low,8,297,695,,,,,,70,50,30,30,50,30,30,30,50,70,40,70
maps định vị,VND,170,21%,0%,Low,11,633,1560,,,,,,140,140,210,210,170,170,210,170,110,140,110,170
gắn vị trí trên google map,VND,20,67%,400%,Low,3,,,,,,,,10,10,10,10,10,10,10,10,10,30,70,50
cách định vị địa chỉ nhà trên google map,VND,30,25%,150%,Low,3,,,,,,,,10,10,20,10,10,20,20,20,30,40,50,50
hướng dẫn cài vị trí trên google map,VND,10,0%,0%,Low,7,,,,,,,,10,10,10,10,10,10,10,10,10,10,10,10
world google,VND,50,25%,150%,Low,1,,,,,,,,30,50,50,70,50,50,90,70,50,40,50,50
cách đưa định vị lên google map,VND,10,0%,-50%,Low,1,,,,,,,,10,10,10,20,10,10,10,10,10,10,20,10
xóa vị trí trên google map,VND,30,0%,-50%,Low,5,,,,,,,,10,30,30,30,30,20,20,20,20,20,20,20
cách up vị trí lên google map,VND,10,0%,0%,Low,4,,,,,,,,10,10,10,10,10,10,10,10,10,10,10,10
cách định vị nhà trên google map,VND,50,0%,0%,Low,2,,,,,,,,40,50,40,30,40,50,50,40,50,50,70,50
tạo địa chỉ trên google,VND,20,0%,-50%,Low,10,,,,,,,,20,20,20,10,10,10,20,30,10,10,10,10
cách gắn vị trí lên google map,VND,30,150%,400%,Low,6,297,694,,,,,,20,20,20,20,30,20,30,20,20,20,50,50
cách cài google maps,VND,70,0%,-36%,Low,6,520,1040,,,,,,90,70,70,90,70,90,90,90,70,70,50,70
google maps p,VND,10,0%,0%,Low,0,,,,,,,,10,10,10,10,10,10,40,30,10,10,10,10
cách mở google maps,VND,50,-29%,0%,Low,4,,,,,,,,50,40,30,40,40,70,70,50,40,70,50,50
bản đồ google maps chỉ đường,VND,1000,26%,23900%,Low,0,,,,,,,,10,40,70,260,480,720,880,1000,1900,1900,1900,2400
cách tải vị trí lên google map,VND,20,0%,-33%,Low,0,,,,,,,,20,20,30,30,20,20,30,20,20,20,20,20
cách cài đặt vị trí trên google maps,VND,40,0%,-43%,Low,3,,,,,,,,50,20,30,30,50,50,40,50,50,40,30,40
google maps 3,VND,30,50%,-40%,Low,0,,,,,,,,30,30,20,20,40,20,20,10,20,20,40,30
bản đồ gg map,VND,2400,22%,238%,Low,2,514,1879,,,,,,1300,1600,1900,1900,1900,1900,2400,2900,3600,3600,3600,4400
hỗ trợ google map,VND,20,100%,0%,Low,0,,,,,,,,10,20,10,20,10,20,20,20,30,10,20,20
hướng dẫn cài đặt google maps,VND,20,0%,-33%,Low,12,,,,,,,,30,30,20,20,30,20,30,30,20,20,10,20
vào google maps,VND,50,0%,0%,Low,11,346,1560,,,,,,40,70,30,50,40,50,50,50,50,70,70,70
cách tạo định vị,VND,10,0%,0%,Low,11,,,,,,,,10,10,10,10,10,10,10,10,10,10,10,10
tại google map,VND,10,0%,100%,Medium,36,1201,2719,,,,,,10,10,10,10,20,10,10,10,20,20,10,20
cách thêm vị trí trên google maps,VND,170,50%,0%,Low,2,107,298,,,,,,210,210,170,90,170,170,210,210,170,140,170,210
google maps định vị,VND,590,-18%,-76%,Low,6,780,2841,,,,,,480,590,590,720,720,880,1000,880,590,170,170,140
tạo điểm check in trên google map,VND,10,0%,-50%,Low,5,,,,,,,,10,20,20,20,10,20,20,10,10,10,10,10
google maps 10,VND,10,0%,0%,Low,0,,,,,,,,10,10,10,10,10,10,10,10,10,10,10,10
tìm địa chỉ nhà trên bản đồ,VND,20,-33%,100%,Low,6,,,,,,,,10,10,10,10,10,20,20,20,30,30,20,20
định vị nhà trên google map,VND,30,-57%,0%,Low,8,,,,,,,,30,20,30,30,20,20,30,30,30,70,30,30
thêm vị trí trên google map,VND,140,0%,27%,Low,2,101,326,,,,,,70,140,110,140,170,140,170,170,170,140,110,140
bản đồ chỉ đường google maps,VND,20,67%,400%,Low,21,563,2088,,,,,,10,20,20,30,10,10,20,20,40,30,20,50
tìm đường google map,VND,140,21%,143%,Low,5,521,2100,,,,,,70,70,70,110,110,110,210,210,170,140,110,170
cách cài đặt vị trí nhà trên bản đồ,VND,70,-44%,-76%,Low,4,,,,,,,,110,110,110,70,70,40,70,110,70,90,50,50
phần mềm google map,VND,50,0%,-25%,Low,32,1031,2339,,,,,,50,50,40,40,40,40,70,50,50,30,30,30
cách định vị trên google map,VND,140,-35%,-21%,Low,6,1040,3899,,,,,,140,110,110,140,170,110,110,140,140,170,110,110
vị trí trên google map,VND,30,40%,600%,Low,4,,,,,,,,10,30,40,20,20,20,20,30,40,50,40,70
địa chỉ bản đồ,VND,20,0%,200%,Low,9,,,,,,,,10,30,20,20,20,20,20,20,30,30,30,30
11 google maps,VND,10,∞,∞,Low,0,,,,,,,,10,0,0,0,10,0,0,0,0,0,10,10
cách đưa vị trí lên bản đồ,VND,20,0%,-67%,Low,14,,,,,,,,30,10,40,30,20,10,10,10,10,10,10,10
hướng dẫn chỉ đường trên google map,VND,30,-40%,50%,Low,20,696,1488,,,,,,20,10,10,10,20,20,20,40,20,50,40,30
bản đồ google maps việt nam,VND,20,0%,0%,Low,11,,,,,,,,10,10,10,10,40,50,10,30,20,10,10,10
cách định vị địa chỉ trên google map,VND,50,-33%,-78%,Low,1,,,,,,,,110,70,90,110,50,50,40,40,40,30,30,20
tìm chỉ đường trên google map,VND,20,-33%,-33%,Low,19,796,2599,,,,,,30,20,20,20,20,20,20,20,20,30,20,20
cách sử dụng google map trên điện thoại,VND,20,-67%,0%,Low,0,,,,,,,,10,20,10,10,30,20,30,10,30,30,30,10
hình ảnh google map mới nhất,VND,10,0%,-50%,Low,0,,,,,,,,10,10,10,20,20,10,10,10,10,10,20,10
google map thời gian thực,VND,20,50%,50%,Low,18,780,2595,,,,,,20,20,30,20,20,20,40,20,20,20,20,30
tìm kiếm trên bản đồ,VND,10,0%,0%,Medium,34,425,650,,,,,,10,10,10,10,10,10,10,10,10,10,10,10
cách xóa địa điểm đã tạo trên google map,VND,40,-67%,-40%,Low,4,,,,,,,,40,50,30,50,10,20,30,30,70,90,50,30
google map tìm đường,VND,50,0%,-29%,Low,5,,,,,,,,50,70,40,40,40,30,50,30,50,50,50,50
định vị map,VND,50,40%,40%,Low,7,1159,2339,,,,,,50,50,50,50,50,50,70,70,70,50,50,70
cách ghim tên quán trên google map,VND,10,0%,100%,Low,9,,,,,,,,10,10,10,10,10,10,20,20,10,20,20,20
cách ghim địa chỉ lên google map,VND,40,0%,50%,Low,10,173,693,,,,,,20,70,30,30,50,30,70,50,40,30,50,30
mở google maps,VND,590,0%,0%,Low,9,264,1205,,,,,,590,480,590,590,590,590,590,590,590,720,590,720
google map thực tế,VND,20,0%,0%,Low,4,,,,,,,,20,20,30,10,20,10,20,30,20,20,20,20
tìm đường trên google map,VND,30,50%,-25%,Low,6,,,,,,,,30,30,20,20,30,20,40,20,30,20,20,30
cách cài đặt google maps,VND,140,0%,0%,Low,15,540,1835,,,,,,170,170,110,110,110,110,170,140,170,170,170,170
thêm định vị trên google map,VND,20,-50%,-50%,Low,2,,,,,,,,10,20,20,20,20,20,20,10,10,20,10,10
hướng dẫn tìm đường trên google map,VND,10,0%,0%,Low,24,,,,,,,,10,10,10,10,10,10,10,10,10,10,10,10
mở bản đồ google maps,VND,10,100%,100%,Low,11,,,,,,,,10,10,10,10,10,10,20,10,10,10,10,20
tạo địa chỉ google,VND,10,0%,0%,Low,16,,,,,,,,10,10,10,10,20,10,10,10,10,10,10,10
tìm vị trí trên google map,VND,20,-50%,0%,Low,6,,,,,,,,20,20,20,20,10,10,30,20,10,20,20,10
định vị trên google,VND,20,-50%,-50%,Low,16,,,,,,,,10,10,20,10,20,10,10,20,30,20,20,10
google maps dẫn đường,VND,50,0%,25%,Low,29,597,1667,,,,,,30,40,50,50,40,50,40,50,50,50,50,50
cách gắn vị trí trên google map,VND,70,0%,29%,Low,3,,,,,,,,50,70,50,70,90,70,50,70,70,90,90,90
bật google map,VND,90,0%,0%,Low,13,431,1043,,,,,,70,50,70,70,70,70,90,110,90,110,90,110
cách tìm địa chỉ nhà nhanh nhất,VND,90,-44%,-64%,Low,12,780,1820,,,,,,110,90,90,70,90,90,140,70,90,90,50,50
cách thêm vị trí trên google map,VND,170,50%,0%,Low,2,107,298,,,,,,210,210,170,90,170,170,210,210,170,140,170,210
bật google maps,VND,90,0%,0%,Low,13,431,1043,,,,,,70,50,70,70,70,70,90,110,90,110,90,110
cách sử dụng google map chỉ đường,VND,10,0%,0%,Low,0,,,,,,,,20,10,10,10,10,30,40,10,10,10,10,10
cách đưa quán ăn lên google map,VND,10,0%,0%,Low,14,,,,,,,,10,10,10,10,10,10,20,10,10,10,10,10
cài đặt bản đồ google maps,VND,20,-50%,0%,Medium,40,873,2339,,,,,,20,20,20,20,10,10,30,20,10,20,30,10
google bản đồ việt nam,VND,10,0%,0%,Low,10,,,,,,,,20,10,30,10,10,20,10,10,10,10,10,10
google map trực tuyến,VND,30,0%,-33%,Low,0,,,,,,,,40,40,50,30,30,20,20,20,40,20,30,20
google chỉ dẫn đường,VND,10,0%,-50%,Medium,54,520,2247,,,,,,20,10,10,20,10,30,10,20,20,10,10,10
ghim địa điểm trên google map,VND,40,-33%,-33%,Low,8,,,,,,,,20,40,40,30,30,40,70,70,30,30,30,20
cách tìm địa chỉ trên google map,VND,30,0%,-40%,Low,4,,,,,,,,50,30,50,30,30,20,30,20,40,30,30,30
maps 7,VND,20,200%,200%,Low,0,,,,,,,,10,10,20,10,30,10,10,10,10,10,20,30
cài đặt bản đồ google,VND,10,0%,0%,Medium,38,,,,,,,,10,10,10,10,10,10,10,10,10,10,10,10
cách cài đặt google map trên điện thoại,VND,50,-25%,-25%,Low,17,780,2339,,,,,,50,70,70,50,50,40,50,50,30,40,30,30
định vị qua google map,VND,30,0%,-33%,Low,6,,,,,,,,30,20,30,30,20,30,30,30,20,20,30,20
lưu địa điểm trên google map,VND,40,33%,0%,Low,0,,,,,,,,50,50,40,50,30,50,50,30,20,30,30,40
cách định vị nhà trên bản đồ,VND,10,0%,100%,Low,14,1040,1560,,,,,,10,10,10,10,10,10,20,10,10,20,20,20
hiển thị vị trí trên google map,VND,10,0%,0%,Low,9,,,,,,,,10,10,10,10,10,10,10,10,10,10,10,10
google map tìm nhà,VND,40,-33%,-71%,Low,2,,,,,,,,50,90,90,70,30,30,30,30,20,30,20,20
google maps bản đồ việt nam,VND,70,57%,175%,Low,0,,,,,,,,40,50,40,50,40,40,70,70,70,70,70,110
ghim địa chỉ lên google map,VND,50,-36%,40%,Low,9,174,695,,,,,,20,40,70,20,50,70,30,30,90,110,70,70
cách chỉ dẫn đường trên google map,VND,10,-67%,0%,Low,15,,,,,,,,10,20,10,10,10,10,10,20,10,30,10,10
cách cài đặt định vị trên google map,VND,10,0%,0%,Low,0,,,,,,,,10,10,10,10,10,10,10,10,10,10,10,10
bản đồ cập nhật mới nhất,VND,40,33%,-20%,Low,25,780,2339,,,,,,40,50,50,40,40,50,40,40,50,30,30,40
maps chỉ đường,VND,1300,0%,46%,Low,6,520,1684,,,,,,1000,880,880,1000,1000,1300,1600,1600,1900,1900,1600,1900
cách chỉ đường trên google map,VND,50,0%,-44%,Low,8,895,2074,,,,,,70,90,70,50,50,70,40,40,40,50,40,50
cài đặt google map chỉ đường,VND,10,0%,0%,Medium,40,729,2091,,,,,,10,10,10,10,10,10,10,20,20,10,10,10
google map miễn phí,VND,90,0%,0%,Low,7,767,3119,,,,,,70,70,70,70,90,90,90,70,70,90,90,90
cái google maps,VND,30,-50%,0%,Low,29,1396,2518,,,,,,20,20,30,20,30,20,20,40,40,40,30,20
google map thấy nhà,VND,20,0%,-50%,Low,3,,,,,,,,20,20,30,20,20,20,20,30,20,20,20,20
google map đường đi,VND,70,0%,-18%,Low,2,,,,,,,,110,70,70,70,50,50,70,70,70,90,70,90
định vị bằng google map,VND,20,0%,0%,Low,21,780,3868,,,,,,20,30,20,20,30,20,30,30,20,20,30,20
cách ghim địa chỉ nhà trên google map,VND,70,22%,175%,Low,3,73,146,,,,,,40,40,20,40,50,90,40,50,70,90,110,110
tìm nhà trên google map,VND,50,0%,-43%,Low,7,780,1400,,,,,,50,50,70,90,50,20,30,30,20,40,40,40
định vị trên bản đồ,VND,20,0%,0%,Low,0,,,,,,,,20,10,30,20,10,10,20,20,20,10,30,10
hướng dẫn bản đồ chỉ đường,VND,10,0%,0%,Low,29,,,,,,,,10,10,10,10,10,10,10,10,10,10,10,10
hướng dẫn tải google maps,VND,10,0%,0%,Medium,40,,,,,,,,10,10,10,10,10,10,10,10,10,10,10,10
google maps 2012,VND,20,0%,-67%,Low,0,,,,,,,,20,10,10,10,20,20,20,20,10,10,20,10
cách tìm đường trên google map,VND,50,75%,0%,Low,17,762,1391,,,,,,70,70,50,50,40,30,50,70,50,40,40,70
cách gắn định vị lên google map,VND,10,0%,0%,Low,8,,,,,,,,10,10,10,10,20,10,10,10,10,10,10,10
google map hình ảnh,VND,320,0%,22%,Low,1,1820,3379,,,,,,260,320,390,320,260,260,320,320,390,390,390,390
google map tìm đường đi,VND,20,100%,0%,Low,2,,,,,,,,20,20,30,20,10,10,30,20,20,10,20,20
chỉ đường đi trên google map,VND,10,0%,0%,Low,6,,,,,,,,10,10,10,10,10,10,10,10,10,10,10,10
cách đăng ký doanh nghiệp trên google,VND,10,-100%,-100%,Unknown,,,,,,,,,10,10,10,10,10,10,10,10,10,10,10,0
tìm kiếm địa chỉ,VND,50,-25%,-57%,Low,5,,,,,,,,50,50,40,50,90,40,50,50,50,40,40,30
gg map hcm,VND,1300,85%,85%,Low,0,16,335,,,,,,1300,1900,1000,880,880,590,1000,1300,1600,1300,1600,2400
hướng dẫn bản đồ,VND,10,0%,-50%,Low,17,,,,,,,,20,20,10,20,20,20,10,20,20,10,10,10
định vị vị trí trên google map,VND,30,-25%,0%,Low,18,520,1548,,,,,,30,20,20,30,20,20,50,30,40,40,30,30
14 google maps,VND,10,0%,0%,Low,0,,,,,,,,10,10,0,10,10,10,10,0,10,10,10,10
tìm nhà trên bản đồ,VND,10,-50%,0%,Low,8,,,,,,,,10,10,10,10,10,10,10,10,10,20,10,10
cài đặt vị trí trên bản đồ,VND,10,0%,-67%,Low,10,,,,,,,,20,20,10,10,10,10,10,10,10,10,10,10
cách định vị vị trí nhà trên google map,VND,50,57%,175%,Low,5,297,2250,,,,,,30,20,20,20,30,40,50,90,70,70,70,110
cách chỉ đường trên bản đồ,VND,10,0%,-50%,Low,14,,,,,,,,20,10,10,10,10,10,10,10,10,10,10,10
cách tìm địa chỉ nhà trên google,VND,40,-67%,-75%,Low,1,,,,,,,,40,40,50,70,50,40,30,30,20,30,20,10
cách cập nhật google map mới nhất,VND,90,-43%,-76%,Low,3,,,,,,,,140,110,140,140,110,70,140,90,90,70,40,40
google map hcm chỉ đường,VND,720,-46%,457%,Low,1,795,1820,,,,,,50,70,210,720,1000,1000,1300,1000,880,720,590,390
hướng dẫn đường đi trên google map,VND,20,0%,0%,Low,22,265,762,,,,,,20,10,10,20,10,20,20,30,10,10,10,10
bản đồ trực tuyến google maps,VND,20,0%,100%,Low,11,1124,3639,,,,,,10,20,20,10,30,20,30,30,40,20,20,20
tìm số nhà trên bản đồ,VND,20,0%,-67%,Low,0,,,,,,,,30,20,20,30,20,10,20,20,10,10,30,10
cách định vị nhà mình trên google map,VND,20,0%,200%,Low,1,,,,,,,,20,20,10,20,20,10,30,20,20,30,30,30
google map đi bộ,VND,10,0%,0%,Low,24,,,,,,,,10,10,20,10,10,10,10,10,10,10,10,10
cách ghim địa chỉ nhà lên google map,VND,40,800%,800%,Low,1,,,,,,,,20,30,30,20,10,20,140,50,20,10,30,90
tìm địa chỉ nhà,VND,110,-36%,-47%,Low,1,,,,,,,,90,140,140,140,140,90,140,90,140,140,90,90
đo đường đi trên google map,VND,20,50%,0%,Low,10,520,1624,,,,,,10,20,20,20,30,20,30,30,20,20,30,30
định vị địa điểm trên bản đồ,VND,10,∞,0%,Low,0,,,,,,,,10,10,10,10,20,10,10,10,10,0,0,10
cách cài đặt bản đồ,VND,10,-50%,0%,Low,30,780,2339,,,,,,10,10,10,10,10,10,10,10,10,20,10,10
chỉ đường bằng google maps,VND,10,0%,100%,Low,24,1043,1910,,,,,,10,10,20,20,10,10,10,10,10,20,10,20
mở google map,VND,590,0%,0%,Low,9,264,1205,,,,,,590,480,590,590,590,590,590,590,590,720,590,720
tìm kiếm địa điểm,VND,20,0%,-50%,Low,1,,,,,,,,20,10,30,20,10,10,10,30,20,10,20,10
tìm đường đi giữa 2 địa điểm,VND,480,0%,181%,Low,2,409,1293,,,,,,260,320,260,390,390,480,720,720,720,590,590,590
hướng dẫn cách cài đặt google maps,VND,10,0%,0%,Low,13,,,,,,,,10,10,10,10,10,10,10,10,10,10,10,10
cài vị trí trên bản đồ,VND,10,0%,0%,Low,0,,,,,,,,10,10,10,10,10,10,10,10,10,10,10,10
g map tìm đường,VND,140,0%,-36%,Low,1,,,,,,,,140,90,140,110,140,140,170,210,140,90,70,90
chỉ đường google,VND,20,0%,0%,Low,26,298,596,,,,,,10,10,20,10,10,10,30,30,50,20,20,20
chỉ đường map,VND,40,-25%,-40%,Low,2,,,,,,,,30,50,50,50,40,30,50,40,30,40,30,30
địa chỉ nhà tôi,VND,720,22%,22%,Low,1,260,520,,,,,,590,480,590,590,720,720,720,720,590,720,720,880
google map có hình ảnh,VND,50,-29%,-29%,Low,3,,,,,,,,50,50,70,50,50,40,70,50,70,70,50,50
vị trí map,VND,40,-29%,67%,Low,8,520,2339,,,,,,20,40,30,30,50,20,40,30,50,70,50,50
google maps tphcm,VND,170,0%,24%,Low,2,629,2154,,,,,,170,170,140,170,140,110,210,170,210,210,210,210
tìm đường đi trên google map,VND,70,-25%,-67%,Low,3,,,,,,,,110,140,50,110,90,50,50,70,90,40,40,30
tìm vị trí hiện tại trên google map,VND,10,0%,-50%,Low,31,,,,,,,,10,10,10,20,10,10,10,10,10,10,10,10
tạo hành trình trên google map,VND,10,300%,33%,Low,1,,,,,,,,10,10,10,10,10,10,20,10,10,10,10,40
maps q,VND,10,0%,0%,Low,14,,,,,,,,10,10,10,10,0,10,10,10,10,10,10,10
địa chỉ nhà của tôi,VND,170,0%,24%,Low,1,,,,,,,,170,170,140,170,210,140,140,140,140,210,170,210
google map chỉ đường đi,VND,1600,52%,8700%,Low,1,520,1560,,,,,,30,70,90,260,720,1000,1300,1900,3600,2900,2900,4400
cách ghim địa chỉ trên google map,VND,480,22%,50%,Low,6,115,694,,,,,,480,480,390,590,480,320,260,720,590,590,590,720
cách cài đặt bản đồ chỉ đường,VND,10,0%,0%,Low,29,630,1624,,,,,,10,10,10,10,10,10,10,10,10,10,10,10
bản đồ tìm nhà,VND,20,-50%,0%,Low,2,,,,,,,,10,20,20,10,20,20,20,10,10,20,20,10
maps moi,VND,10,0%,0%,Low,0,,,,,,,,10,10,10,10,10,10,20,10,10,10,10,10
tải bản đồ google,VND,20,0%,100%,Low,30,780,2953,,,,,,10,30,10,20,10,20,10,10,20,20,20,20
địa chỉ nhà mình,VND,70,0%,-36%,Low,1,,,,,,,,70,70,70,70,50,70,50,70,70,70,90,70
cách định vị trên bản đồ,VND,10,0%,0%,Low,22,,,,,,,,10,20,10,10,10,10,20,10,10,10,10,10
mở maps,VND,40,40%,0%,Low,3,,,,,,,,40,40,30,30,40,30,50,40,40,50,50,70
cách nhìn thấy nhà trên bản đồ,VND,10,0%,-50%,Medium,43,,,,,,,,10,10,10,10,10,10,10,10,10,10,10,10
google maps 2011,VND,10,0%,0%,Low,0,,,,,,,,10,10,10,10,10,10,10,10,10,10,10,10
ứng dụng google map,VND,210,24%,-19%,Medium,34,780,2153,,,,,,320,210,170,210,170,140,260,210,210,170,210,210
maps l,VND,20,0%,50%,Low,1,,,,,,,,20,20,20,30,20,20,30,20,30,30,20,30
ghim vị trí trên google maps,VND,260,88%,0%,Low,3,38,234,,,,,,320,390,320,210,140,140,260,170,140,170,210,320
tìm kiếm địa chỉ nhà,VND,10,0%,0%,Low,14,,,,,,,,10,10,10,10,10,10,0,10,10,10,10,10
google maps đà nẵng,VND,5400,-18%,0%,Low,1,365,1230,,,,,,5400,5400,4400,4400,4400,2900,4400,4400,5400,6600,5400,5400
google map chi duong,VND,30,0%,-40%,Low,3,,,,,,,,40,40,30,30,30,30,20,20,20,30,30,30
google đường đi,VND,40,-60%,-60%,Low,13,663,1486,,,,,,50,30,40,40,40,30,50,70,40,50,30,20
tìm vị trí bản đồ,VND,10,0%,0%,Low,31,,,,,,,,10,20,10,10,10,10,10,10,10,10,10,10
google map tải,VND,10,100%,0%,Low,7,,,,,,,,10,10,10,10,10,10,10,50,20,10,10,20
cách cài đặt chỉ đường trên điện thoại,VND,10,0%,0%,Medium,40,780,1820,,,,,,10,10,10,10,10,10,10,10,10,10,10,10
cách tải google maps,VND,170,-19%,0%,Low,22,630,1657,,,,,,210,170,140,110,110,140,170,170,170,210,210,170
tải bản đồ google map,VND,50,0%,0%,Low,31,862,2339,,,,,,30,70,50,50,40,50,70,40,50,50,70,50
vị trí bản đồ,VND,260,52%,23%,Low,12,520,1300,,,,,,210,260,320,210,210,210,260,260,260,210,260,320
cập nhật bản đồ,VND,40,0%,0%,Low,3,,,,,,,,50,40,30,50,50,40,30,50,40,50,40,50
cách tải đường đi trên google map,VND,10,0%,0%,Low,4,,,,,,,,10,10,10,10,10,10,10,10,10,10,10,10
tìm đường đi google map,VND,260,88%,52%,Low,4,381,1624,,,,,,170,210,390,390,320,260,320,260,210,170,170,320
cách tải google maps trên điện thoại,VND,10,0%,0%,Low,11,,,,,,,,10,10,10,10,10,10,10,10,10,10,10,10
bản đồ việt nam google map,VND,140,91%,50%,Low,0,,,,,,,,170,140,140,90,110,110,140,260,170,110,170,210
chỉ đường đi google map,VND,30,100%,-71%,Low,7,,,,,,,,40,30,20,30,50,70,20,20,10,10,10,20
google map nhìn thấy nhà,VND,10,0%,-67%,Low,11,,,,,,,,20,20,20,10,10,10,10,10,20,10,10,10
google tìm đường,VND,140,27%,27%,Low,5,398,2058,,,,,,110,140,170,140,110,90,110,140,140,110,140,140
cài đặt google maps trên điện thoại,VND,10,-50%,0%,Medium,40,520,1415,,,,,,10,10,10,10,10,20,30,20,20,20,10,10
google map trực tiếp,VND,40,-33%,-50%,Low,16,520,2286,,,,,,50,70,90,50,30,20,30,30,20,30,20,20
tải về google maps,VND,10,100%,100%,Low,30,780,2335,,,,,,10,20,10,10,10,10,10,10,20,10,10,20
cách định vị qua google map,VND,20,100%,-33%,Low,7,,,,,,,,20,20,20,20,20,20,30,20,20,10,30,20
map moi nhat,VND,140,27%,0%,Low,9,1040,2944,,,,,,140,110,110,110,140,90,210,140,170,110,110,140
maps việt nam,VND,2900,0%,-33%,Medium,44,733,2339,,,,,,3600,3600,2900,2900,2900,2900,3600,2900,2900,2400,2400,2400
gmap việt nam,VND,50,-22%,75%,Low,4,,,,,,,,30,30,30,40,40,40,70,40,50,90,70,70
cách ghim vị trí trên google map,VND,1300,46%,116%,Low,2,40,255,,,,,,880,880,1300,880,880,880,1600,1300,1600,1300,1900,1900
cài đặt map,VND,50,0%,0%,Medium,38,520,1947,,,,,,50,50,50,50,50,70,90,50,70,50,50,50
cách tìm đường đi trên google maps,VND,20,-50%,-50%,Medium,36,431,1345,,,,,,30,70,40,40,20,10,10,10,10,20,10,10
cách tải google map về điện thoại,VND,90,125%,29%,Low,12,564,2054,,,,,,50,90,90,140,110,110,210,110,70,40,50,90
địa chỉ của tôi,VND,2900,0%,0%,Low,1,260,1040,,,,,,3600,2400,2400,2400,2400,2400,2900,2400,2900,3600,2900,3600
cách xác định vị trí của mình trên google map,VND,20,-25%,50%,Low,8,,,,,,,,20,20,10,20,10,20,10,10,20,40,20,30
google vị trí,VND,480,23%,127%,Low,3,196,2850,,,,,,210,390,590,480,480,590,590,480,260,480,390,590
cách tìm vị trí của mình trên google map,VND,40,-20%,-20%,Low,7,520,1300,,,,,,30,30,20,20,30,70,40,40,40,50,40,40
dịch vụ seo google map,VND,590,22%,-46%,Low,12,9920,43186,,,,,,390,720,880,1000,1000,720,880,390,480,320,390,390
gg chỉ đường,VND,170,0%,50%,Low,4,260,2087,,,,,,170,140,140,140,170,170,140,170,170,210,210,210
google map quy nhơn,VND,590,-19%,-79%,Low,1,,,,,,,,1000,1000,720,590,480,390,720,720,480,260,260,210
google dẫn đường,VND,40,-20%,0%,Medium,51,520,1659,,,,,,40,40,40,30,30,50,70,50,40,50,40,40
cài bản đồ,VND,10,0%,0%,Medium,46,1497,2859,,,,,,10,10,10,10,10,10,10,10,10,10,10,10
google map tphcm chỉ đường,VND,480,0%,2100%,Low,0,,,,,,,,140,70,110,480,480,480,480,590,880,880,720,880
tạo đường đi trên google map,VND,20,0%,0%,Low,0,,,,,,,,20,10,30,20,10,20,20,10,20,20,10,20
cách cài đặt google maps trên điện thoại,VND,50,-25%,-25%,Low,17,780,2339,,,,,,50,70,70,50,50,40,50,50,30,40,30,30
cách đưa hình ảnh lên google maps,VND,10,0%,0%,Low,0,,,,,,,,10,10,10,10,10,10,10,10,10,10,10,10
google map chi tiết,VND,20,200%,50%,Low,4,,,,,,,,20,30,20,10,10,20,20,10,10,10,20,30
tìm địa điểm,VND,260,0%,24%,Low,2,699,3749,,,,,,260,260,210,210,210,210,260,320,320,260,260,260
xác định vị trí trên google map,VND,10,0%,0%,Low,0,,,,,,,,10,10,10,20,10,10,10,10,10,10,10,10
bản đồ thấy nhà,VND,90,0%,1600%,Low,1,,,,,,,,10,20,10,20,40,40,50,70,110,170,260,170
đo quãng đường bằng google map,VND,10,0%,-67%,Low,12,,,,,,,,30,40,30,10,10,10,10,10,10,10,10,10
đo độ dài trên google map,VND,10,0%,0%,Low,0,,,,,,,,10,20,20,10,20,10,10,10,10,10,20,10
cách ghim định vị trên google maps,VND,90,57%,0%,Low,3,98,189,,,,,,110,90,70,90,110,90,90,110,110,70,140,110
bản đồ nhà tôi,VND,170,23%,191%,Low,1,374,1121,,,,,,110,110,110,70,70,50,140,140,210,260,320,320
bản đồ tìm vị trí,VND,10,0%,0%,Low,29,,,,,,,,10,10,10,10,10,10,10,10,10,10,10,10
chế độ vệ tinh google map,VND,30,0%,50%,Low,6,,,,,,,,20,20,50,20,20,40,40,30,30,30,30,30
địa chỉ đường,VND,140,-19%,0%,Low,4,260,694,,,,,,140,110,140,110,90,110,170,140,210,210,170,170
cách tải google maps về máy,VND,10,0%,0%,Low,2,,,,,,,,10,10,10,0,10,10,10,10,10,10,10,10
google map vị trí của tôi,VND,390,23%,0%,Low,2,520,2087,,,,,,390,590,390,320,320,480,480,480,480,390,390,480
theo dõi vị trí bằng google map,VND,10,0%,0%,Medium,52,3249,5166,,,,,,10,10,10,10,10,10,10,10,10,10,10,10
maps p,VND,20,0%,0%,Low,8,,,,,,,,10,20,20,20,20,20,30,20,20,20,30,20
tìm nhà trên bản đồ vệ tinh,VND,20,-67%,0%,Low,28,994,3837,,,,,,10,10,20,20,20,10,30,40,40,30,20,10
tải bản đồ map mới nhất,VND,10,0%,0%,Medium,36,1300,2080,,,,,,10,10,10,10,0,10,10,10,10,10,10,10
vị trí trên bản đồ,VND,50,56%,1300%,Low,3,520,1300,,,,,,30,40,20,30,30,20,50,30,70,90,110,140
ghim địa chỉ trên google map,VND,110,57%,-21%,Low,8,298,696,,,,,,110,140,90,170,140,90,110,110,70,70,90,110
phiên bản google map mới nhất,VND,10,0%,0%,Low,4,,,,,,,,10,10,10,10,10,10,20,10,10,10,10,10
google map nhìn rõ nhà,VND,10,0%,0%,Low,8,,,,,,,,10,10,10,10,20,10,20,20,10,10,20,10
cho coi bản đồ,VND,10,-50%,0%,Low,5,,,,,,,,10,10,10,10,10,10,10,10,10,20,10,10
tải gg map,VND,3600,22%,52%,Low,22,861,2406,,,,,,2900,2900,2900,2900,2400,2400,2900,3600,3600,3600,4400,4400
xác định hướng trên google map,VND,50,-29%,0%,Low,0,,,,,,,,70,50,70,50,30,40,70,50,50,70,70,50
bản đồ thấy rõ nhà,VND,10,0%,0%,Low,30,1560,2250,,,,,,10,10,10,10,10,10,10,10,10,10,10,10
map tìm đường,VND,30,0%,0%,Low,3,,,,,,,,30,30,30,30,20,20,20,20,10,40,40,40
tìm đia chỉ trên bản đồ,VND,20,-67%,0%,Low,10,,,,,,,,10,10,10,20,10,10,30,30,20,30,20,10
mở bản đồ,VND,320,-18%,-18%,Low,8,260,1300,,,,,,320,320,260,320,320,260,320,320,320,390,390,320
bản đồ map mới nhất,VND,70,0%,40%,Low,14,849,3532,,,,,,70,90,90,90,70,50,90,90,70,70,70,70
bản đồ đi đường,VND,140,55%,55%,Medium,35,513,1966,,,,,,140,170,140,170,110,170,140,110,140,110,170,170
bản đồ nhìn thấy nhà,VND,480,14%,3233%,Low,0,,,,,,,,20,20,20,110,210,320,480,590,880,880,1000,1000
google map nhìn thấy người,VND,10,0%,0%,Low,4,,,,,,,,10,10,10,10,10,10,10,10,10,10,10,10
ghim vị trí lên google map,VND,30,-33%,-33%,Low,1,,,,,,,,20,20,10,40,20,20,30,30,50,30,20,20
tìm vị trí trên bản đồ,VND,20,-50%,0%,Low,5,,,,,,,,20,20,10,20,10,10,10,20,20,20,20,10
cách thêm vị trí trên bản đồ,VND,20,-67%,0%,Low,0,,,,,,,,10,20,20,30,20,10,10,10,10,30,20,10
gg map vị trí của tôi,VND,390,23%,0%,Low,2,520,2087,,,,,,390,590,390,320,320,480,480,480,480,390,390,480
google map phiên bản mới nhất,VND,10,0%,-50%,Low,18,,,,,,,,10,10,10,10,10,10,30,10,20,10,10,10
bản đồ của tôi,VND,110,22%,-35%,Low,3,260,1471,,,,,,170,170,70,90,70,70,140,110,110,90,110,110
tìm đường đến,VND,140,0%,89%,Low,1,,,,,,,,90,70,140,90,90,110,170,210,170,170,170,170
cách ghim vị trí lên google map,VND,30,50%,-40%,Low,5,189,695,,,,,,50,30,10,10,30,10,10,20,30,20,50,30
seo map google,VND,3600,0%,-89%,Medium,45,7769,32473,,,,,,480,390,9900,14800,12100,210,480,260,260,210,260,210
google map quảng trị,VND,320,-21%,-77%,Low,0,,,,,,,,480,590,480,320,320,260,320,390,260,140,110,110
bản đồ tìm kiếm,VND,20,-50%,-67%,Medium,35,,,,,,,,10,30,20,20,10,20,20,20,20,20,20,10
cách định vị bằng google maps,VND,10,0%,0%,Low,26,,,,,,,,10,10,10,10,10,10,20,10,20,10,10,10
bản đồ ở đây,VND,20,200%,50%,Low,5,,,,,,,,20,20,10,20,10,20,20,30,30,10,30,30
bản đồ vệ tinh google maps,VND,170,-22%,-82%,Low,7,708,2080,,,,,,390,480,210,140,140,90,90,90,110,90,90,70
google map cao bằng,VND,90,0%,-67%,Low,0,,,,,,,,70,140,140,110,70,90,90,90,70,30,50,30
google map vệ tinh nhìn thấy người,VND,110,55%,467%,Low,4,520,2111,,,,,,30,50,140,140,90,70,170,170,140,110,140,170
google tìm đường đi,VND,10,0%,0%,Low,11,,,,,,,,10,10,10,20,10,10,10,20,10,10,10,10
xác định cao độ trên google map,VND,10,0%,0%,Low,0,,,,,,,,10,20,30,10,10,10,10,10,10,10,10,10
bật bản đồ,VND,20,0%,100%,Low,15,298,2859,,,,,,10,20,20,10,20,20,20,20,20,20,20,20
google chi duong,VND,2400,23%,514%,Low,2,520,1966,,,,,,720,590,720,880,1300,2400,2400,2900,3600,4400,5400,5400
gg map vệ tinh thấy nhà,VND,720,-18%,0%,Low,6,774,2080,,,,,,590,720,1000,880,720,590,720,590,720,720,880,590
bản đồ gmap,VND,20,0%,0%,Low,7,,,,,,,,20,20,20,20,10,10,30,20,10,30,30,30
tìm nhà qua vệ tinh,VND,10,0%,0%,Medium,54,,,,,,,,10,10,10,10,10,10,10,10,10,10,10,10
cách tải ứng dụng google maps,VND,20,800%,800%,Low,3,,,,,,,,10,20,10,10,10,10,10,10,20,10,10,90
google chỉ đường đi,VND,70,-29%,-44%,Low,22,520,1193,,,,,,70,90,40,50,70,90,90,90,70,70,70,50
cài đặt vệ tinh trên google map,VND,10,0%,-50%,Low,12,,,,,,,,10,20,10,10,10,10,10,10,20,10,10,10
cách định vị vị trí trên google map,VND,140,0%,57%,Low,6,260,2339,,,,,,50,110,90,110,170,140,170,210,170,110,110,110
bản đồ gần đây,VND,40,0%,0%,Low,3,,,,,,,,20,30,20,30,30,40,30,40,50,40,50,40
cài đặt google map vệ tinh,VND,10,0%,0%,Low,24,1286,2055,,,,,,10,10,10,10,10,10,10,10,30,10,10,10
tìm kiếm đường đi trên bản đồ,VND,10,0%,0%,Medium,37,646,1923,,,,,,10,10,10,10,10,10,10,10,20,10,10,10
google map bản đồ vệ tinh,VND,40,0%,-25%,Low,8,,,,,,,,40,50,70,30,40,40,50,40,20,30,20,30
google map chế độ vệ tinh,VND,10,0%,0%,Low,14,,,,,,,,10,10,10,10,10,10,20,10,10,10,10,10
hướng dẫn chỉ đường,VND,1600,24%,3173%,Low,1,495,2477,,,,,,90,90,110,320,720,1000,1300,1600,2900,2900,3600,3600
gg vị trí,VND,70,0%,-22%,Low,1,,,,,,,,70,70,70,70,90,50,70,90,90,70,70,70
hướng dẫn chỉ đường đi,VND,20,-50%,100%,Low,26,708,2151,,,,,,20,20,10,20,20,30,20,20,20,40,30,20
vị trí hiện tại của tôi trên google map,VND,20,0%,100%,Low,0,,,,,,,,10,10,40,10,10,20,20,10,10,20,20,20
cách xác định vị trí trên google map,VND,10,0%,100%,Low,5,,,,,,,,10,10,20,10,10,10,10,20,10,20,20,20
truy cập bản đồ,VND,10,0%,0%,Low,18,,,,,,,,10,10,10,10,10,10,10,10,10,10,10,10
bản đồ có thể nhìn thấy nhà,VND,10,0%,∞,Low,6,,,,,,,,10,10,10,10,10,10,10,10,10,10,10,10
bản đồ giao thông google maps,VND,30,50%,-40%,Low,5,,,,,,,,40,30,30,30,50,50,20,30,30,20,30,30
tải maps,VND,390,51%,51%,Low,28,1040,3639,,,,,,390,390,390,320,320,320,480,390,390,390,390,590
cách ghim vị trí của hàng trên google map,VND,20,100%,-50%,Low,10,,,,,,,,20,30,20,20,20,10,20,20,30,10,30,20
địa chỉ cụ thể của tôi,VND,170,0%,24%,Low,1,,,,,,,,210,170,110,140,170,140,170,170,210,260,260,260
cập nhật bản đồ mới nhất,VND,20,-50%,-80%,Low,18,780,2001,,,,,,30,30,20,20,10,20,30,20,20,20,30,10
ghim vị trí trên google map,VND,260,88%,0%,Low,3,38,234,,,,,,320,390,320,210,140,140,260,170,140,170,210,320
đo đoạn đường trên bản đồ,VND,10,0%,0%,Low,12,,,,,,,,10,10,10,10,20,10,10,10,10,10,10,10
tìm bản đồ,VND,210,0%,0%,Low,17,260,868,,,,,,170,170,210,210,170,170,170,210,210,210,260,210
cài map,VND,10,0%,0%,Low,19,,,,,,,,10,10,10,10,10,10,10,10,10,10,10,10
tải google map về máy tính,VND,110,55%,143%,Low,4,364,944,,,,,,90,140,110,140,110,50,110,140,90,110,170,170
chỉ đường về nhà,VND,390,22%,243%,Low,1,247,3166,,,,,,170,140,210,210,170,390,590,720,720,590,590,720
cách ghi vị trí trên google map,VND,30,0%,0%,Low,7,,,,,,,,10,30,40,30,40,20,30,20,40,20,20,20
ghim google map,VND,20,200%,50%,Low,4,,,,,,,,20,20,30,20,10,20,30,30,20,10,20,30
ghim địa chỉ trên google,VND,20,-67%,0%,Low,14,298,696,,,,,,10,10,30,20,10,10,30,30,20,30,20,10
tải bản đồ map,VND,10,0%,0%,Low,32,520,2599,,,,,,0,30,30,10,10,10,10,20,10,10,20,10
đăng ký doanh nghiệp google,VND,10,0%,0%,Medium,36,,,,,,,,10,10,10,10,10,10,10,10,20,10,10,10
cách tìm đường,VND,20,-67%,-50%,Low,5,,,,,,,,20,20,10,30,20,20,30,20,20,30,20,10
cách tìm đường đi trên google map,VND,40,0%,0%,Low,29,696,1486,,,,,,40,40,20,20,40,30,70,50,50,50,50,50
maps android,VND,10,100%,100%,Low,0,,,,,,,,10,10,10,10,20,10,10,10,10,10,20,20
cách ghim vị trí nhà mình trên google map,VND,30,-33%,100%,Low,1,,,,,,,,10,20,40,30,40,50,20,10,20,30,30,20
đo vị trí trên bản đồ,VND,10,0%,-67%,Low,23,,,,,,,,20,20,10,10,10,10,10,10,10,10,10,10
bản đồ google maps vệ tinh,VND,90,29%,-72%,Low,4,922,1300,,,,,,70,90,90,90,70,90,110,70,70,70,70,90
cách ghim địa chỉ trên google,VND,50,450%,175%,Low,14,326,696,,,,,,40,50,70,70,90,40,70,50,20,20,90,110
ghim định vị trên google map,VND,70,0%,0%,Low,5,101,780,,,,,,90,90,70,70,70,70,110,70,90,70,70,70
ghim địa chỉ trên bản đồ,VND,10,0%,0%,Low,14,,,,,,,,10,10,10,10,20,10,10,10,20,10,10,10
cách xác định hướng nhà trên google map,VND,40,67%,67%,Low,0,,,,,,,,20,40,20,40,50,40,30,30,30,30,50,50
cách chỉ đường đi,VND,30,-50%,-67%,Low,27,520,1062,,,,,,20,30,40,50,30,30,30,20,20,20,20,10
chỉ đường về,VND,1600,26%,233%,Low,0,164,2202,,,,,,590,590,590,720,880,1300,1900,1900,1900,1900,2400,2400
google map 3d nhìn thấy nhà,VND,70,0%,125%,Low,7,347,7118,,,,,,40,50,70,70,50,30,70,70,110,90,90,90
định vị địa điểm hiện tại,VND,10,0%,0%,Medium,48,,,,,,,,10,10,10,0,10,10,10,10,10,10,10,10
cài đặt hướng dẫn chỉ đường,VND,10,0%,0%,Low,25,,,,,,,,10,10,10,10,10,10,10,10,10,10,10,10
định vị vị trí trên bản đồ,VND,10,0%,0%,Low,17,,,,,,,,10,10,10,10,20,10,10,20,10,10,10,10
cách cập nhật bản đồ vệ tinh mới nhất,VND,10,0%,0%,Low,7,,,,,,,,10,10,10,10,10,10,10,10,10,10,10,10
cách cài đặt google map chỉ đường cho xe máy,VND,50,-43%,33%,Low,6,128,961,,,,,,20,50,40,50,50,50,50,50,50,70,30,40
xác định vị trí trên bản đồ,VND,10,0%,0%,Low,10,,,,,,,,20,20,20,10,10,10,10,10,20,10,10,10
cách ghim vị trí nhà trên google map,VND,140,-21%,-58%,Low,4,103,343,,,,,,170,140,140,90,110,90,140,170,170,140,140,110
ảnh vệ tinh google map,VND,50,-40%,-57%,Low,3,,,,,,,,50,70,90,50,40,40,50,30,30,50,30,30
cập nhật vị trí hiện tại,VND,9900,0%,-33%,Low,1,520,1832,,,,,,9900,8100,9900,8100,8100,12100,9900,8100,9900,9900,9900,9900
bản đồ vệ tinh chỉ đường,VND,10,0%,0%,Medium,52,780,2194,,,,,,10,10,10,10,10,10,10,10,10,10,10,10
bản đồ vị trí của tôi,VND,390,0%,181%,Low,2,520,2080,,,,,,210,170,170,210,260,320,320,390,590,590,590,590
chi duong,VND,480,-34%,-19%,Low,9,520,1840,,,,,,480,480,390,390,480,480,390,390,480,590,390,390
cách ghim vị trí trên bản đồ,VND,320,53%,24%,Low,2,11,205,,,,,,390,590,210,320,320,390,260,390,170,170,260,260
định vị địa chỉ nhà,VND,20,100%,0%,Low,16,780,1675,,,,,,20,20,20,10,10,10,20,10,10,10,20,20
cách đo quãng đường chạy bộ trên google map,VND,30,0%,-40%,Low,11,1576,3639,,,,,,40,50,30,40,30,10,50,40,20,30,20,30
bản đồ vị trí hiện tại của tôi,VND,70,56%,1300%,Low,6,780,2548,,,,,,20,20,20,20,30,40,30,110,110,90,170,140
chỉ đường đến,VND,1900,0%,190%,Low,0,694,1698,,,,,,880,720,720,880,880,1900,2900,2900,2900,2900,2900,2900
ghim vị trí bản đồ,VND,20,400%,67%,Low,5,95,717,,,,,,10,10,20,20,20,10,10,50,20,10,20,50
google map vệ tinh trực tuyến,VND,170,250%,-46%,Low,4,520,3412,,,,,,260,210,320,170,140,110,210,170,140,40,70,140
bản đồ hướng dẫn chỉ đường,VND,10,-50%,0%,Medium,50,,,,,,,,10,20,10,20,10,10,10,20,10,20,10,10
vẽ đường đi trên google map,VND,40,-25%,-57%,Low,0,,,,,,,,70,50,30,30,30,20,30,50,30,40,30,30
đăng ký google doanh nghiệp,VND,10,100%,0%,Medium,37,7453,189756,,,,,,10,10,10,10,10,10,10,10,10,10,10,20
xác định hướng nhà trên google map,VND,20,0%,-50%,Low,0,,,,,,,,30,30,40,20,30,20,20,10,20,10,10,10
cách xác định vị trí hiện tại trên google map,VND,20,33%,33%,Low,4,,,,,,,,20,10,10,20,20,30,20,10,10,30,30,40
vị trí nhà tôi,VND,720,0%,22%,Low,4,260,1040,,,,,,480,590,720,590,720,590,720,590,720,720,880,720
vị trí google,VND,70,57%,0%,Low,6,510,780,,,,,,70,70,70,70,70,50,70,90,70,70,70,110
nhìn nhà qua vệ tinh,VND,10,0%,0%,High,67,,,,,,,,10,10,10,10,10,10,10,0,10,10,10,10
vị trí của tôi trên google map,VND,90,1500%,1500%,Low,0,,,,,,,,20,10,20,40,20,10,20,10,30,30,320,480
cho tôi bản đồ,VND,30,40%,600%,Low,20,260,495,,,,,,10,20,10,10,10,10,20,20,50,50,70,70
định vị địa điểm,VND,20,0%,0%,Low,30,520,780,,,,,,20,20,20,20,20,20,20,40,30,10,20,10
tải bản đồ về máy,VND,20,0%,100%,Medium,42,780,2080,,,,,,10,20,10,20,40,20,30,20,20,20,10,20
địa điểm của tôi,VND,320,-19%,0%,Low,1,,,,,,,,320,260,260,320,260,320,320,320,320,480,480,390
cách tìm vị trí hiện tại trên google map,VND,10,0%,0%,Low,20,,,,,,,,10,10,10,10,10,10,20,10,20,10,10,10
google map hình ảnh vệ tinh,VND,210,51%,1375%,Low,0,1040,1558,,,,,,30,30,40,70,70,90,140,170,320,390,480,590
google map bị lỗi không định vị được,VND,90,0%,-44%,Low,0,,,,,,,,50,260,70,90,70,90,90,90,70,50,50,50
gg map xe máy,VND,880,0%,-12%,Low,6,464,2019,,,,,,1000,1000,1000,880,880,720,720,720,590,880,720,880
cách coi bản đồ vệ tinh,VND,20,-50%,0%,Low,30,495,1274,,,,,,20,20,20,20,20,10,20,10,10,20,10,10
dịch vụ seo map,VND,170,0%,-72%,Low,14,9968,32731,,,,,,480,170,210,260,110,90,140,90,110,110,140,110
google map vê tinh,VND,40,-25%,-25%,Low,7,,,,,,,,50,50,50,30,40,40,50,50,30,40,40,30
cách tải bản đồ,VND,20,-33%,0%,Low,8,,,,,,,,20,30,20,10,30,10,20,20,20,30,20,20
bản đô map,VND,880,0%,14%,Low,4,500,1824,,,,,,720,880,880,880,880,720,1000,1000,1000,1000,1000,1000
google map ho chi minh,VND,590,-19%,-19%,Low,3,283,5081,,,,,,590,480,590,720,720,590,720,590,590,590,590,480
tìm kiếm bản đồ,VND,320,0%,0%,Low,24,265,1231,,,,,,320,390,320,320,320,260,320,260,320,320,320,320
cách xác định vị trí trên bản đồ,VND,20,-50%,0%,Low,12,,,,,,,,20,30,20,20,10,10,10,10,10,20,10,10
đương đi,VND,6600,0%,23%,Low,2,260,1203,,,,,,6600,6600,5400,6600,5400,5400,8100,8100,8100,8100,8100,8100
google maps bình dương,VND,480,0%,-81%,Low,1,,,,,,,,720,880,720,590,590,480,720,320,260,140,140,140
google vệ tinh map,VND,70,-44%,0%,Low,7,520,1560,,,,,,40,70,140,50,30,30,70,50,70,90,70,50
cài đặt vị trí google,VND,10,0%,0%,Low,4,,,,,,,,10,10,30,10,10,10,10,30,10,10,10,10
địa chỉ hiện tại của tôi,VND,9900,22%,-33%,Low,2,260,1300,,,,,,14800,9900,8100,8100,9900,8100,9900,9900,9900,9900,9900,12100
mở bản đồ vệ tinh,VND,10,-50%,0%,Low,14,,,,,,,,20,10,10,10,10,10,10,10,20,20,10,10
bản đồ có hình ảnh,VND,10,0%,0%,Low,22,780,2551,,,,,,10,10,10,30,10,10,10,10,10,10,10,10
cách tìm vị trí trên bản đồ,VND,10,0%,-50%,Low,6,,,,,,,,20,10,10,10,10,10,10,10,10,10,10,10
cập nhật vị trí của tôi,VND,20,0%,0%,Low,13,780,1040,,,,,,10,10,20,10,20,10,20,30,30,20,20,20
cài đặt google map chỉ đường cho xe máy,VND,20,0%,100%,Low,4,,,,,,,,20,20,20,30,10,20,20,20,20,20,30,20
tìm kiếm đường,VND,20,0%,0%,Low,24,166,1062,,,,,,20,20,20,40,10,20,20,20,20,20,20,20
tôi muốn tìm bản đồ,VND,10,0%,0%,Medium,54,,,,,,,,10,10,10,10,10,10,10,10,0,10,10,10
google map vệ tinh việt nam,VND,30,-33%,-60%,Low,6,,,,,,,,50,50,40,30,20,20,20,50,40,30,20,20
cách tìm địa chỉ nhà,VND,20,-50%,-50%,Low,0,,,,,,,,40,20,20,10,20,20,10,20,20,20,20,10
cài đặt google map cho xe máy,VND,10,0%,0%,Low,4,,,,,,,,20,10,30,10,10,10,10,20,10,10,10,10
địa chỉ đường đi,VND,20,100%,100%,Low,9,440,1300,,,,,,20,10,10,20,20,30,20,20,30,20,20,40
vệ tinh chỉ đường,VND,10,0%,0%,Low,9,,,,,,,,10,10,10,10,10,10,10,10,10,10,10,10
cách định vị vị trí trên bản đồ,VND,10,0%,0%,Low,5,,,,,,,,20,10,10,10,10,10,20,10,20,10,10,10
hãy chỉ đường cho tôi,VND,20,0%,200%,Low,8,186,1707,,,,,,10,10,10,10,20,20,20,30,20,30,20,30
mở chỉ đường,VND,20,100%,0%,Low,13,,,,,,,,10,10,20,20,10,20,20,20,10,10,20,20
vị trí bản đồ của tôi,VND,10,0%,-50%,Low,0,,,,,,,,10,20,10,10,10,20,20,10,10,10,20,10
cách tải google maps về máy tính,VND,30,0%,0%,Low,0,,,,,,,,40,70,30,30,30,20,20,20,30,30,20,30
dich vu seo map,VND,70,-80%,-86%,Low,2,,,,,,,,140,90,70,210,50,10,50,90,50,50,70,10
maps dẫn đường,VND,30,-25%,-25%,Medium,35,762,1908,,,,,,20,20,20,30,30,30,30,30,50,40,30,30
coi bản đồ vệ tinh,VND,10,0%,-50%,Low,19,1300,3253,,,,,,10,20,30,10,10,10,10,10,10,10,10,10
định vị địa chỉ,VND,40,0%,0%,Low,16,520,1560,,,,,,50,40,50,20,40,50,40,30,40,40,50,40
ghim vị trí trên google,VND,70,-56%,-64%,Low,2,,,,,,,,110,50,20,50,70,40,70,70,70,90,70,40
cách định vị địa chỉ nhà,VND,30,-60%,0%,Low,21,520,1571,,,,,,10,10,20,30,20,30,30,30,40,50,30,20
cập nhật vị trí hiện tại của tôi,VND,40,33%,-20%,Low,6,,,,,,,,50,40,40,40,30,50,40,20,40,30,40,40
map đường đi,VND,70,75%,0%,Low,3,,,,,,,,90,90,90,70,50,50,50,70,50,40,50,70
gg map cho xe máy,VND,70,80%,0%,Low,13,1300,2486,,,,,,70,70,50,50,70,110,70,70,70,50,70,90
vị trí nhà của tôi,VND,210,23%,52%,Low,4,260,860,,,,,,170,140,140,170,140,170,210,210,170,260,260,320
bản đồ vị trí hiện tại,VND,4400,26%,-64%,Low,5,520,1560,,,,,,6600,6600,6600,6600,5400,1900,1300,5400,1300,1900,3600,2400
chỉ đường đi đến,VND,320,-18%,256%,Low,1,259,526,,,,,,90,110,210,260,210,260,320,390,480,390,320,320
ghim vị trí trên bản đồ,VND,70,22%,120%,Low,6,125,780,,,,,,40,30,40,20,20,30,40,40,110,90,140,110
google map vệ tinh mới nhất,VND,50,0%,0%,Low,10,1040,2304,,,,,,50,70,50,50,30,30,50,40,50,50,40,50
định vị nhà của tôi,VND,30,0%,0%,Low,8,,,,,,,,40,30,30,20,20,20,30,30,30,30,30,30
vệ tinh gg map,VND,210,0%,-19%,Low,8,778,2688,,,,,,170,210,590,170,170,140,210,210,170,170,140,170
map google vệ tinh,VND,10,0%,-50%,Low,4,,,,,,,,10,20,20,20,10,10,30,10,10,10,20,10
cho bản đồ,VND,30,0%,200%,Low,8,,,,,,,,30,20,30,30,20,10,20,10,30,30,40,30
xóa tìm kiếm google map,VND,30,-50%,0%,Low,2,,,,,,,,30,10,20,30,40,30,10,20,50,40,30,20
cách chấm vị trí trên bản đồ,VND,10,0%,0%,Low,2,,,,,,,,10,20,20,20,20,10,10,20,10,10,10,10
tìm kiếm chỉ đường,VND,10,0%,0%,Low,30,,,,,,,,10,10,10,10,20,10,10,10,10,10,10,10
vị trí của tôi map,VND,90,436%,743%,Low,1,429,829,,,,,,30,30,50,50,30,40,10,50,30,110,90,590
bản đồ google map 3d,VND,40,175%,450%,Low,1,,,,,,,,40,10,40,20,20,30,40,40,40,40,50,110
cách ghim vị trí trên map,VND,320,-64%,550%,Low,3,106,262,,,,,,40,90,110,170,320,320,390,320,590,720,480,260
maps vn,VND,720,0%,-28%,Low,25,,,,,,,,720,880,880,720,720,720,720,880,720,720,720,720
bản đồ vệ tinh google,VND,10,-100%,0%,Unknown,,,,,,,,,10,10,10,10,10,10,10,10,10,10,10,0
cách ghim vị trí lên bản đồ,VND,10,0%,0%,Low,12,,,,,,,,10,10,20,10,10,10,20,20,10,10,10,10
cách lấy vị trí hiện tại trên google map,VND,20,-33%,-60%,Low,0,,,,,,,,40,10,10,20,20,10,10,10,40,30,20,20
địa điểm,VND,8100,-19%,-19%,Low,0,1520,17206,,,,,,8100,9900,9900,9900,9900,6600,9900,9900,8100,8100,8100,6600
vẽ đường đi trên google map android,VND,10,0%,-50%,Low,10,,,,,,,,20,20,10,10,10,10,10,10,10,10,10,10
địa chỉ của tôi hiện tại,VND,260,23%,-33%,Low,1,260,1040,,,,,,320,210,170,170,260,390,390,320,260,260,260,320
cách định vị đường đi,VND,10,0%,-50%,Medium,43,597,1300,,,,,,10,20,10,20,10,10,10,10,10,10,20,10
cách biết địa chỉ nhà của mình,VND,20,300%,33%,Low,3,,,,,,,,20,20,20,20,10,10,20,10,20,10,30,40
cách định vị địa điểm,VND,10,0%,0%,Medium,36,520,1842,,,,,,10,10,10,10,10,10,10,10,10,10,10,10
bản đồ tại đây,VND,10,-50%,0%,Low,19,,,,,,,,10,20,10,10,10,10,10,10,20,20,20,10
tải google map cho android,VND,10,0%,0%,Low,30,1093,1930,,,,,,0,10,0,10,10,10,0,20,10,10,10,10
lấy vị trí trên google map,VND,50,-20%,100%,Low,0,,,,,,,,30,50,40,50,40,40,70,70,70,50,70,40
ghim vị trí trên map,VND,90,100%,-60%,Low,0,,,,,,,,70,20,20,90,140,140,210,210,50,10,50,20
cách chụp định vị trên google map,VND,10,0%,0%,Low,0,,,,,,,,10,10,10,10,10,10,10,10,10,10,10,10
cách dùng google map khi không có mạng,VND,10,-33%,100%,Low,1,,,,,,,,10,10,10,10,10,10,10,20,10,30,20,20
google bản đồ vệ tinh,VND,10,-50%,-50%,Low,3,,,,,,,,10,10,10,10,10,20,20,10,20,20,10,10
bạn đồ,VND,880,0%,0%,Low,24,365,1217,,,,,,880,880,880,720,590,880,880,880,880,720,880,720
cách lấy định vị trên google map,VND,140,27%,0%,Low,2,112,4567,,,,,,110,140,140,140,140,90,140,110,140,110,170,140
cách lấy vị trí trên bản đồ,VND,10,0%,0%,Low,24,,,,,,,,10,10,10,30,10,10,10,20,10,10,10,10
định vị hiện tại,VND,210,0%,53%,Low,13,417,2387,,,,,,170,140,140,170,170,170,260,210,210,260,260,260
cách biết địa chỉ nhà mình,VND,30,-67%,-86%,Low,0,,,,,,,,50,50,30,30,20,40,30,40,10,30,30,10
bản đồ vệ tinh nhìn thấy nóc nhà mình,VND,20,100%,300%,Low,0,,,,,,,,10,10,10,10,10,10,10,10,20,20,20,40
cách định vị bản đồ,VND,10,0%,0%,Low,27,,,,,,,,10,10,10,10,10,10,10,10,10,10,10,10
vị trí tôi,VND,1000,-33%,82%,Low,2,383,1300,,,,,,720,590,480,590,590,720,1300,1300,1300,2400,1900,1600
cách dùng gg map không cần mạng,VND,40,-50%,-60%,Low,2,,,,,,,,70,30,30,50,40,40,40,40,30,40,30,20
cài đặt chỉ dẫn đường,VND,10,0%,0%,High,71,,,,,,,,10,10,10,10,10,10,10,10,10,10,10,10
cách sử dụng google map khi đi xe máy,VND,70,0%,0%,Low,1,,,,,,,,50,70,70,70,50,70,90,70,50,90,70,90
vị trí chỉ đường,VND,30,-50%,0%,Low,25,520,1560,,,,,,20,10,20,10,20,20,20,30,70,40,30,20
cách lấy vị trí trên google map,VND,110,-18%,180%,Low,2,336,1040,,,,,,50,90,140,110,110,70,170,90,90,170,210,140
tìm chỉ đường,VND,90,0%,-18%,Low,13,464,1094,,,,,,110,70,50,90,90,50,90,90,90,90,90,90
vị trí hiện tại của mình,VND,720,60%,233%,Low,5,260,1040,,,,,,590,480,390,390,480,480,480,390,390,1000,1900,1600
bản đồ nhìn thấy người,VND,10,0%,0%,Low,14,,,,,,,,10,10,10,10,10,10,10,10,10,10,10,10
chỉ đường xe máy google map,VND,10,0%,-50%,Low,14,,,,,,,,20,20,10,10,10,20,20,10,10,10,10,10
cách seo google maps,VND,10,0%,0%,Low,29,2059,36350,,,,,,20,20,10,10,10,10,10,20,10,10,10,10
map vị trí hiện tại,VND,40,0%,133%,Low,8,520,2697,,,,,,20,50,30,50,30,70,40,20,20,70,40,70
bản đồ hiện tại,VND,110,-21%,0%,Low,6,260,4175,,,,,,170,140,110,90,70,90,110,140,110,140,140,110
cách tìm đường đi,VND,10,0%,100%,Medium,45,609,1922,,,,,,20,20,10,10,10,10,10,10,20,20,20,20
cách tìm đường đi trên điện thoại,VND,10,0%,0%,Medium,48,,,,,,,,10,10,10,10,10,10,10,0,10,10,10,10
định vị vị trí hiện tại của tôi,VND,590,60%,2186%,Low,7,520,1820,,,,,,90,90,90,140,90,140,320,880,1300,1000,880,1600
google map có xe máy,VND,10,0%,0%,Low,5,,,,,,,,10,10,10,10,10,10,10,10,10,10,10,10
map trực tuyến,VND,50,0%,0%,Low,6,520,1040,,,,,,50,70,70,50,40,30,50,30,50,40,20,40
chỉ đường bản đồ,VND,10,0%,0%,Low,22,1040,1592,,,,,,10,10,10,10,10,10,10,10,10,10,10,10
vị trí hiện tại của bạn,VND,2900,22%,408%,Low,1,260,1472,,,,,,1900,880,590,880,1300,1600,2400,3600,4400,5400,5400,6600
cách theo dõi vị trí qua google map,VND,10,0%,0%,Low,18,,,,,,,,10,10,10,10,10,10,10,20,10,10,10,10
gg map nhật bản,VND,50,25%,67%,Low,0,,,,,,,,40,30,50,50,70,30,40,40,50,40,50,50
google map chỉ đường cho xe máy,VND,1000,0%,108%,Low,12,696,2080,,,,,,480,880,1000,1000,1300,1300,1600,1300,1000,1000,1000,1000
vị trí hiện tại của tôi trên bản đồ,VND,30,0%,0%,Low,8,,,,,,,,20,30,20,20,10,20,20,30,20,30,40,30
chỉ đường bằng giọng nói trên google map,VND,10,0%,0%,Low,26,,,,,,,,10,10,10,10,10,10,10,10,20,10,10,10
bản đồ 3d google,VND,10,-100%,-100%,Unknown,,,,,,,,,10,10,20,10,10,10,40,20,0,10,10,0
bản đồ hướng dẫn,VND,40,0%,67%,Low,8,,,,,,,,20,20,10,20,30,30,70,70,50,50,50,50
chụp vệ tinh,VND,20,0%,0%,Low,0,,,,,,,,20,20,20,20,10,10,20,20,20,10,20,10
vị trí vệ tinh,VND,20,-33%,0%,Low,17,300,794,,,,,,30,10,30,20,20,10,20,20,30,30,30,20
cài đặt bản đồ chỉ đường,VND,40,100%,0%,Medium,56,795,2785,,,,,,50,50,50,50,40,50,70,70,30,20,20,40
vị trí hiện tại của tôi bây giờ,VND,880,233%,85%,Low,1,520,1820,,,,,,1600,880,590,480,480,880,480,480,590,720,1900,2400
google vị trí của tôi,VND,20,-33%,-33%,Low,6,,,,,,,,10,20,20,20,10,20,40,10,30,30,20,20
bản đồ địa chỉ,VND,40,0%,-20%,Low,18,,,,,,,,40,30,70,50,40,40,50,50,30,40,50,40
tra map,VND,140,0%,-35%,Low,1,,,,,,,,170,140,140,140,140,90,140,170,110,110,140,110
tải google map ngoại tuyến,VND,10,0%,0%,Low,17,,,,,,,,10,10,20,10,10,10,10,10,10,10,10,10
địa điểm hiện tại,VND,590,-33%,84%,Low,2,260,599,,,,,,260,390,320,480,480,590,590,590,590,880,720,590
tìm vị trí đường đi,VND,10,0%,0%,Low,29,,,,,,,,10,10,10,10,20,10,10,20,10,10,10,10
định vị nhà,VND,140,0%,-48%,Low,16,422,1319,,,,,,170,170,170,140,110,140,140,140,140,110,140,110
cách cài đặt vị trí trên google,VND,10,0%,0%,Low,0,,,,,,,,10,10,10,10,10,10,10,10,10,10,10,10
google map hình ảnh 3d,VND,10,100%,100%,Low,15,495,1300,,,,,,10,10,10,10,10,20,10,20,10,10,10,20
hướng dẫn đo diện tích trên google map,VND,20,100%,0%,Low,24,338,3294,,,,,,10,20,10,20,20,10,30,20,30,10,10,20
ứng dụng maps,VND,40,25%,0%,Low,23,780,2080,,,,,,40,40,50,40,40,30,50,40,50,40,40,50
bản đồ tìm đường,VND,70,80%,29%,Low,20,773,2087,,,,,,70,70,70,50,50,50,70,90,70,50,90,90
cách tìm đường đi trên bản đồ,VND,20,0%,0%,Low,20,,,,,,,,30,70,50,10,20,10,10,20,10,10,10,10
xác định vị trí của tôi,VND,90,21%,240%,Low,8,365,1166,,,,,,50,40,50,50,70,70,90,70,90,140,110,170
map chi duong,VND,30,-60%,0%,Low,4,,,,,,,,20,20,20,20,10,20,30,50,50,50,40,20
định vị địa chỉ hiện tại,VND,40,-20%,-20%,Low,20,780,1820,,,,,,30,40,50,50,40,50,70,40,40,50,40,40
bản đồ ngoại tuyến google map,VND,10,0%,100%,Low,12,,,,,,,,10,20,10,10,10,10,10,10,10,20,20,20
cách tải bản đồ vệ tinh,VND,10,0%,0%,Low,27,1040,3379,,,,,,10,10,10,10,10,10,10,10,10,10,20,10
vị trí hiện tại của tôi là,VND,590,21%,-65%,Low,1,,,,,,,,590,590,590,480,390,590,720,1300,1600,140,260,170
vệ tinh google map 3d viet nam,VND,10,-50%,0%,Low,10,,,,,,,,10,10,20,10,10,10,10,10,30,20,30,10
đo diện tích trên google maps,VND,480,-19%,0%,Low,33,700,2976,,,,,,480,590,480,480,320,260,480,590,590,590,590,480
ban do the gioi google map,VND,50,0%,400%,Low,0,,,,,,,,20,10,10,40,50,50,90,110,50,50,110,50
bản đồ hình ảnh,VND,30,0%,0%,Low,14,,,,,,,,20,40,30,30,20,30,30,40,20,30,40,30
cài đặt vị trí trên google,VND,10,0%,0%,Low,15,,,,,,,,10,10,10,20,10,10,10,10,10,10,10,10
dẫn đường đến,VND,720,0%,213%,Low,1,431,2321,,,,,,260,260,260,320,320,590,1000,1000,880,1000,1000,1000
bản đồ bản đồ,VND,90,22%,0%,Medium,41,166,900,,,,,,90,110,90,90,70,90,90,90,70,90,90,110
định vị chỗ ở hiện tại của tôi,VND,30,50%,50%,Low,17,780,1560,,,,,,40,20,20,30,30,20,20,30,20,20,30,30
cách seo map,VND,10,0%,0%,Medium,46,9905,62788,,,,,,10,10,10,10,10,10,10,10,10,10,10,10
cách định vị người khác trên google map,VND,10,-67%,-50%,Medium,47,2097,6982,,,,,,20,20,10,10,10,20,10,10,10,30,20,10
vị trí của tôi hiện tại,VND,6600,0%,238%,Low,2,261,1300,,,,,,2400,2900,2900,3600,3600,6600,8100,9900,9900,8100,8100,8100
vị trí của bạn,VND,9900,-18%,-33%,Low,4,266,1300,,,,,,18100,9900,8100,14800,6600,6600,6600,6600,8100,12100,9900,9900
truy cập vệ tinh,VND,10,0%,0%,Low,0,,,,,,,,10,10,10,10,10,10,10,10,10,10,10,10
vị trí của tôi trên bản đồ,VND,50,-73%,-25%,Low,12,1040,1560,,,,,,30,20,30,10,20,40,20,90,110,110,50,30
cài đặt chỉ đường,VND,20,-33%,-33%,Medium,52,1300,2548,,,,,,20,20,20,30,20,20,30,30,30,30,30,20
map hình ảnh,VND,50,0%,-29%,Low,3,,,,,,,,70,50,40,30,50,30,40,40,30,50,50,50
bản đồ vệ tinh nhìn thấy nóc nhà,VND,90,0%,0%,Low,0,,,,,,,,140,70,50,50,50,40,70,140,110,110,140,110
vị trí của tôi hiện nay,VND,50,-29%,150%,Low,12,261,1300,,,,,,20,20,20,20,20,30,50,140,110,70,50,50
google map có giọng nói,VND,10,0%,0%,Low,16,,,,,,,,10,10,10,10,10,10,10,10,10,10,10,10
vị trí hiện,VND,170,-88%,0%,Low,1,,,,,,,,170,90,90,40,50,70,110,90,90,880,390,110
google map ảnh vệ tinh,VND,20,0%,-50%,Low,7,,,,,,,,10,20,20,10,20,10,20,30,20,10,20,10
google vệ tinh,VND,320,-19%,-33%,Low,6,780,2344,,,,,,390,320,590,320,260,260,390,260,320,320,260,260
chỉ đường đi về,VND,210,-19%,767%,Low,4,166,2928,,,,,,40,30,30,70,110,210,260,320,260,320,320,260
bản đồ nhà,VND,110,-36%,0%,Low,2,,,,,,,,110,170,90,90,90,70,70,90,70,140,110,90
cách cài đặt bản đồ vệ tinh,VND,10,100%,0%,Low,18,260,1695,,,,,,10,10,10,10,10,10,10,10,10,10,10,20
tìm địa chỉ,VND,720,22%,-12%,Low,0,260,780,,,,,,720,720,720,720,590,480,720,720,720,720,720,880
chụp ảnh vệ tinh trên điện thoại,VND,10,100%,∞,Medium,37,1040,2599,,,,,,10,10,10,10,10,10,10,10,20,10,20,20
bản đồ chỉ đường vệ tinh,VND,10,0%,-75%,Medium,48,1122,1820,,,,,,40,10,10,10,20,20,10,10,10,10,10,10
cách định vị địa chỉ,VND,10,0%,0%,Low,28,331,1388,,,,,,10,10,10,10,10,10,10,10,10,10,10,10
bản chỉ đường,VND,50,-29%,0%,Low,13,497,2545,,,,,,70,50,50,50,50,40,50,50,40,70,40,50
vi chi của tôi,VND,260,-19%,-19%,Low,11,520,1560,,,,,,260,210,210,260,210,140,320,390,320,320,260,260
map vê tinh,VND,50,50%,-25%,Low,9,520,1300,,,,,,50,50,140,20,30,30,70,50,40,20,40,30
định vị vị trí của tôi,VND,390,0%,50%,Low,5,520,1300,,,,,,260,260,260,260,260,260,320,390,390,480,480,480
google map chỉ đường bằng giọng nói,VND,90,29%,29%,Low,18,843,2430,,,,,,50,70,110,90,110,90,90,70,70,70,90,90
vị trí của tôi hiện giờ,VND,590,-63%,-33%,Low,1,260,1300,,,,,,590,320,260,170,90,90,880,390,1600,1600,1000,590
gg map street view,VND,720,0%,-52%,Low,1,520,8850,,,,,,880,720,720,720,720,480,880,1300,590,480,480,480
nhìn từ vệ tinh,VND,10,-50%,0%,Low,6,,,,,,,,10,10,30,10,10,10,20,10,10,20,10,10
google street view việt nam,VND,70,200%,91%,Low,2,780,1820,,,,,,50,50,50,40,40,40,50,40,70,70,110,210
gmap vn,VND,70,0%,-71%,Low,0,,,,,,,,170,110,70,70,70,40,50,70,70,50,40,50
kiếm bản đồ,VND,10,0%,0%,Medium,35,,,,,,,,10,10,10,10,10,10,10,10,10,10,10,10
tải bản đồ ngoại tuyến google map,VND,40,0%,67%,Low,9,520,1657,,,,,,20,30,50,40,20,20,30,50,30,50,40,50
tải bản đồ về điện thoại,VND,10,0%,0%,Medium,57,,,,,,,,10,10,10,10,10,10,10,10,10,10,10,10
bản đồ thực tế,VND,30,0%,50%,Low,1,,,,,,,,30,30,40,20,40,20,50,40,40,30,20,30
chỉ đường online,VND,10,0%,0%,Low,0,,,,,,,,10,10,10,10,10,10,10,10,10,10,10,10
cách chụp ảnh vệ tinh trên điện thoại,VND,20,0%,-50%,Medium,36,1171,2641,,,,,,20,30,20,10,20,10,20,10,10,10,10,10
hiện tại của tôi,VND,70,0%,57%,Low,4,514,1300,,,,,,50,50,40,30,40,70,90,90,90,110,110,110
tổng đài google map,VND,40,50%,-40%,Low,1,,,,,,,,40,50,30,50,40,30,40,40,20,20,40,30
cài đặt bản đồ định vị,VND,10,0%,-50%,Medium,49,1557,2338,,,,,,10,10,10,10,20,10,10,10,10,10,10,10
chỉ dẫn đường,VND,260,0%,433%,Low,8,374,1300,,,,,,90,90,90,140,170,210,320,390,320,480,480,480
cách tạo bản đồ,VND,30,0%,-50%,Low,0,,,,,,,,20,30,30,10,30,30,30,20,30,20,20,20
bản đồ chỉ,VND,20,-33%,100%,Low,15,696,2265,,,,,,30,20,20,20,10,10,10,10,10,30,20,20
cách đo diện tích trên google maps,VND,260,0%,-19%,Low,23,523,2541,,,,,,320,320,320,260,320,170,260,260,210,260,320,260
cách theo dõi người khác trên google map,VND,20,-50%,-75%,Low,24,1160,4742,,,,,,40,20,10,20,20,20,10,10,20,20,10,10
vị trí đang ở hiện tại,VND,110,136%,271%,Low,5,425,1033,,,,,,90,90,70,90,70,140,90,110,90,110,170,260
tìm vệ tinh,VND,10,-50%,0%,Low,21,,,,,,,,10,10,10,10,10,10,10,10,10,20,10,10
google street view web,VND,30,-33%,-50%,Low,0,,,,,,,,30,40,50,40,20,30,50,40,20,30,30,20
bản đồ từ vệ tinh,VND,10,0%,0%,Low,8,,,,,,,,10,10,10,10,10,10,10,10,20,10,10,10
cách theo dõi bằng google map,VND,10,0%,0%,Low,11,,,,,,,,10,10,10,10,10,10,10,10,10,10,10,10
tải bản đồ miễn phí,VND,10,0%,0%,High,71,,,,,,,,10,10,10,10,10,10,10,10,10,10,10,10
vệ tinh google,VND,140,91%,320%,Low,7,520,1300,,,,,,90,90,110,90,110,110,210,140,70,110,260,210
google chỉ đường cho xe máy,VND,20,-67%,-50%,Low,14,,,,,,,,10,20,20,30,20,20,20,10,20,30,10,10
hướng dẫn ghim vị trí,VND,10,0%,0%,Low,0,,,,,,,,10,10,10,10,10,10,10,20,10,10,20,10
maps xe máy,VND,140,0%,-18%,Low,9,,,,,,,,110,110,110,110,140,110,140,170,140,140,170,140
cập nhật bản đồ vệ tinh,VND,10,0%,0%,Low,21,,,,,,,,10,10,10,10,10,10,10,10,10,10,10,10
cách lấy vị trí hiện tại,VND,20,100%,100%,Low,16,520,1316,,,,,,10,20,10,10,10,10,10,10,20,10,30,20
google ve tinh,VND,20,50%,0%,Low,2,,,,,,,,20,20,30,20,20,20,30,20,20,20,20,30
vị trí định vị của tôi,VND,20,0%,50%,Low,16,260,780,,,,,,10,10,10,10,20,10,20,20,20,30,30,30
cài đặt định vị chỉ đường,VND,20,200%,200%,Medium,52,1498,3379,,,,,,10,10,10,20,10,20,30,20,20,10,10,30
đo diện tích trong google map,VND,10,0%,0%,Low,0,,,,,,,,10,20,10,10,20,10,20,20,10,10,10,10
tìm kiếm ở đây,VND,210,0%,88%,Low,1,,,,,,,,140,140,110,140,110,170,320,260,260,320,320,320
bản đồ gmap việt nam,VND,20,0%,0%,Low,4,,,,,,,,10,20,20,20,20,10,30,20,10,10,20,10
vệ tinh maps,VND,320,191%,23%,Low,9,637,2617,,,,,,320,390,1000,390,320,260,260,170,140,110,170,320
định vị nơi tôi đang ở,VND,40,0%,67%,Low,23,520,2070,,,,,,20,20,20,20,30,40,40,40,70,50,40,50
định vị vị trí của tôi hiện tại,VND,20,-25%,200%,Low,8,,,,,,,,10,10,10,10,10,10,30,40,30,40,30,30
tìm vị trí hiện tại của tôi,VND,50,-36%,250%,Low,13,520,2859,,,,,,20,20,20,30,20,50,50,70,70,110,70,70
google map ngoại tuyến,VND,50,40%,75%,Low,6,221,780,,,,,,50,50,40,50,40,50,50,50,40,50,70,70
địa chỉ nơi tôi đang ở,VND,70,0%,-22%,Low,3,,,,,,,,70,50,50,50,50,50,70,70,70,70,70,70
địa điểm hiện tại của tôi,VND,390,-18%,23%,Low,2,260,1300,,,,,,390,260,260,210,210,320,390,390,590,720,720,590
chỉ dẫn đường đi,VND,260,0%,-18%,Low,23,456,1579,,,,,,390,260,210,210,210,390,210,260,390,320,260,320
kiểm tra vị trí hiện tại,VND,10,0%,0%,Low,8,,,,,,,,10,10,10,10,10,10,10,10,20,10,10,10
google chỉ đường bằng giọng nói,VND,20,0%,-33%,Low,33,991,2955,,,,,,20,30,10,20,10,10,10,30,10,20,10,20
thái nguyên gg map,VND,30,0%,-60%,Low,1,,,,,,,,30,110,30,20,20,20,30,40,30,20,20,20
tìm kiếm vệ tinh,VND,20,300%,300%,Low,22,283,1649,,,,,,10,10,20,10,10,10,20,10,20,10,30,40
bản đồ ảnh,VND,210,24%,0%,Low,5,,,,,,,,210,210,170,210,210,170,210,170,210,170,260,210
địa chỉ hiện tại,VND,4400,22%,50%,Low,1,260,1040,,,,,,4400,3600,2900,3600,3600,2900,4400,4400,5400,5400,5400,6600
ứng dụng google map 3d,VND,10,0%,0%,Low,0,,,,,,,,10,20,10,10,10,10,10,10,10,10,10,10
vị trí đường,VND,50,40%,0%,Low,8,260,695,,,,,,50,40,40,50,40,40,40,50,70,50,40,70
gg chỉ đường bằng giọng nói,VND,10,0%,0%,Medium,33,,,,,,,,10,10,10,10,10,10,10,10,10,10,10,10
chụp ảnh trên google map,VND,10,0%,0%,Low,0,,,,,,,,10,10,10,10,10,10,20,20,20,10,10,10
cài đặt bản đồ đi đường,VND,10,0%,0%,Medium,52,,,,,,,,10,10,10,10,10,10,10,10,10,10,10,10
cách tra địa chỉ nhà,VND,10,0%,-50%,Low,0,,,,,,,,20,10,10,10,10,10,10,10,10,10,10,10
đo diện tích google map,VND,30,50%,50%,Low,22,512,2946,,,,,,30,50,20,10,40,30,30,20,20,20,50,30
cách đo diện tích bằng google map,VND,10,0%,0%,Low,22,,,,,,,,10,10,10,10,10,10,10,10,10,10,10,10
cách chụp ảnh google map,VND,10,0%,0%,Low,6,,,,,,,,10,10,10,10,20,10,10,10,10,10,20,10
cách tính diện tích trên google map,VND,20,50%,-25%,Low,21,661,2272,,,,,,20,20,20,20,20,20,30,20,10,20,20,30
theo dõi vị trí người khác qua google map,VND,10,0%,0%,Low,29,,,,,,,,10,20,10,10,10,10,10,10,10,10,10,10
chỉ đường về đà nẵng,VND,110,-19%,240%,Low,2,656,1319,,,,,,50,30,30,30,30,140,110,90,140,210,210,170
google map 3d vệ tinh,VND,20,300%,33%,Low,2,,,,,,,,30,10,10,10,20,20,30,40,10,10,20,40
cách theo dõi vị trí người khác bằng google maps,VND,20,-50%,-50%,Low,31,2335,9878,,,,,,50,40,20,20,20,20,20,20,20,20,20,10
tải google map chỉ đường bằng giọng nói,VND,10,0%,∞,Medium,46,1259,2463,,,,,,0,10,10,10,10,10,10,10,10,10,10,10
google map vệ tinh rõ nhất,VND,20,0%,0%,Low,21,778,3293,,,,,,20,30,20,10,20,20,10,20,20,20,40,20
ghim vị trí,VND,590,22%,319%,Low,0,,,,,,,,260,260,210,480,480,590,720,1000,880,720,720,880
phần mềm đo diện tích trên google map,VND,30,0%,-80%,Low,31,758,3123,,,,,,40,30,50,40,50,10,20,20,20,10,20,10
sơ đồ đường đi,VND,90,29%,0%,Low,9,372,1560,,,,,,110,110,90,90,90,50,90,140,110,70,90,90
trí của tôi,VND,50,0%,-29%,Low,5,460,780,,,,,,40,20,40,40,20,50,40,50,50,50,70,50
theo dõi vị trí qua google map,VND,40,1500%,3100%,Low,9,2902,10474,,,,,,10,10,10,10,10,10,10,10,30,20,50,320
tính diện tích trên google map,VND,30,0%,0%,Low,21,872,3298,,,,,,50,50,30,30,30,30,30,20,30,40,30,40
chụp hình trên google map,VND,10,0%,0%,Low,0,,,,,,,,10,10,10,10,10,10,10,10,10,10,10,10
định vị vị trí hiện tại,VND,320,-18%,321%,Low,23,520,1855,,,,,,90,110,110,170,170,260,320,390,590,720,720,590
cách theo dõi qua google map,VND,10,0%,-50%,Low,6,,,,,,,,10,10,10,10,10,10,10,20,10,10,10,10
cách xác định địa chỉ nhà,VND,10,0%,-50%,Low,5,,,,,,,,10,10,10,10,10,10,10,20,20,10,20,10
bản đồ miễn phí,VND,30,0%,67%,Low,10,961,2599,,,,,,30,30,40,20,20,10,20,30,30,50,50,50
xe google map,VND,480,-34%,-61%,Low,0,,,,,,,,590,590,480,480,480,480,480,390,480,590,480,390
google map đo diện tích,VND,20,0%,-50%,Medium,43,637,3033,,,,,,10,10,10,10,20,10,20,20,10,10,30,10
tìm vị trí của tôi,VND,170,-33%,27%,Low,13,520,1820,,,,,,140,90,90,70,90,110,260,320,480,210,170,140
cách ghim vị trí,VND,480,-19%,0%,Low,2,92,493,,,,,,480,320,320,390,390,390,320,480,480,590,390,480
map vệ tinh mới nhất,VND,140,22%,0%,Low,23,1040,3613,,,,,,110,140,140,110,110,90,170,170,170,90,90,110
vị trí đường đi,VND,390,-19%,586%,Low,14,281,1820,,,,,,70,140,170,320,480,480,480,480,590,590,480,480
sơ đồ chỉ đường đi,VND,10,0%,0%,Low,0,,,,,,,,10,10,20,10,10,10,10,10,10,10,0,10
xe gg,VND,50,75%,-22%,Low,0,,,,,,,,70,70,40,40,30,50,70,50,50,40,50,70
tôi đang ở địa chỉ nào,VND,210,-19%,336%,Low,2,260,780,,,,,,140,90,70,90,110,90,140,170,320,590,390,480
đo diện tích trên google map android,VND,40,0%,200%,Medium,42,669,4522,,,,,,10,20,30,50,40,30,50,30,70,30,40,30
đo diện tích bằng google map,VND,30,0%,-60%,Low,25,684,2436,,,,,,30,30,30,30,40,20,30,20,30,20,10,20
định vị nơi ở hiện tại,VND,40,-25%,0%,Low,28,780,1560,,,,,,40,50,50,50,40,50,40,30,30,40,40,30
bản đồ nhìn thấy nóc nhà,VND,10,0%,0%,Low,23,,,,,,,,10,10,10,10,10,0,10,10,10,10,10,10
chụp hình google map,VND,10,0%,0%,Low,0,,,,,,,,10,10,10,10,10,10,10,10,10,10,10,10
hướng dẫn đường đi,VND,390,22%,243%,Low,8,520,1833,,,,,,170,210,170,170,260,320,390,390,480,590,590,720
gg street,VND,170,50%,24%,Low,0,,,,,,,,170,170,170,170,170,170,210,260,170,140,140,210
vị trí nơi tôi đang ở,VND,20,50%,200%,Low,12,365,2080,,,,,,10,10,10,10,10,20,10,10,30,20,20,30
tìm đường đi nhanh nhất,VND,20,-33%,-50%,Low,0,,,,,,,,40,10,10,10,10,10,20,30,40,30,40,20
bản đồ đường,VND,170,0%,-19%,Low,8,431,2699,,,,,,140,170,170,140,140,90,170,210,210,170,210,170
nơi ở hiện tại của tôi,VND,480,125%,-18%,Low,1,520,780,,,,,,880,390,320,480,390,260,390,390,480,320,390,720
theo dõi định vị qua google map,VND,20,100%,300%,Medium,48,1741,8917,,,,,,30,10,20,10,10,10,20,10,20,20,30,40
o maps,VND,10,0%,0%,Low,0,,,,,,,,10,10,10,10,10,10,10,10,10,10,10,10
sơ đồ chỉ đường,VND,210,0%,357%,Low,2,630,1560,,,,,,110,70,70,110,110,140,210,260,320,320,320,320
bản đồ chỉ dẫn đường bằng giọng nói,VND,10,0%,-50%,High,69,1300,3639,,,,,,40,10,10,10,10,10,10,10,10,10,10,10
view google,VND,140,-18%,-18%,Low,0,,,,,,,,170,170,170,140,140,110,140,170,210,170,140,140
bản đồ chụp từ vệ tinh,VND,10,∞,0%,Low,24,,,,,,,,10,10,10,10,10,10,10,10,10,0,10,10
gg street map,VND,210,0%,-56%,Low,4,1403,10752,,,,,,260,320,260,210,210,170,210,140,140,140,140,140
map vệ tinh,VND,1300,0%,-16%,Low,8,566,1956,,,,,,1600,1300,1600,1000,1000,880,1300,1300,1600,1600,1600,1600
map ngoại tuyến,VND,20,-50%,0%,Low,30,520,3899,,,,,,20,20,10,20,10,20,10,20,10,20,10,10
bản đồ vệ tinh trực tuyến nhìn thấy nóc nhà,VND,10,0%,0%,Low,18,,,,,,,,10,10,10,10,10,10,10,10,10,10,10,10
bản đồ về tinh,VND,20,-50%,-50%,Low,22,,,,,,,,20,10,20,20,10,10,20,10,10,20,20,10
ban độ,VND,20,50%,200%,Low,25,435,1560,,,,,,10,20,10,10,10,20,10,10,20,20,50,30
vị trí của tôi ở hiện tại,VND,170,875%,3800%,Low,1,,,,,,,,10,210,480,320,30,50,110,40,70,40,480,390
maps 3,VND,140,0%,21%,Low,0,,,,,,,,140,140,110,140,170,140,170,140,140,170,140,170
tìm bản đồ vệ tinh,VND,10,0%,-50%,Low,16,,,,,,,,10,10,10,10,10,0,10,10,10,10,10,10
ve tinh ban do,VND,10,0%,0%,Low,5,,,,,,,,10,10,10,10,10,0,10,10,10,10,10,10
vị trí gần đây,VND,90,0%,100%,Low,2,260,1651,,,,,,110,90,70,50,50,90,90,90,90,140,110,140
hướng dẫn chỉ đường bằng giọng nói,VND,10,-50%,0%,Low,21,663,1401,,,,,,10,10,10,10,10,20,10,10,10,20,10,10
vị trí của tôi đang ở hiện tại,VND,20,33%,100%,Low,7,,,,,,,,30,20,10,10,10,10,10,20,30,30,20,40
chỉ bản đồ,VND,10,0%,0%,Low,9,,,,,,,,10,10,10,10,10,10,20,10,10,20,20,20
định vị đường đi bằng điện thoại,VND,30,33%,100%,Medium,48,520,1546,,,,,,10,10,20,40,30,20,50,30,40,30,40,40
google vệ tinh 3d,VND,10,0%,-50%,Low,0,,,,,,,,10,10,10,10,10,10,10,30,10,10,10,10
làm bản đồ,VND,40,33%,0%,Low,6,,,,,,,,40,30,40,40,40,30,30,40,30,30,30,40
ứng dụng google map tốt nhất,VND,10,∞,0%,Low,27,,,,,,,,10,10,10,10,10,20,10,10,0,0,10,10
định vị nơi tôi ở,VND,10,0%,-50%,Low,14,,,,,,,,20,10,10,10,10,20,10,10,10,10,10,10
vị trí tôi ở,VND,40,-20%,-43%,Low,7,260,2052,,,,,,70,40,40,40,10,20,40,30,30,50,50,40
cài đặt phần mềm chỉ đường trên điện thoại,VND,10,0%,0%,High,78,1443,2972,,,,,,10,10,10,10,10,10,10,10,10,10,10,10
tìm bản đồ đường đi,VND,10,0%,0%,Low,24,,,,,,,,10,10,10,10,10,10,10,10,10,10,10,10
đồ vệ tinh,VND,10,0%,0%,Low,29,,,,,,,,10,10,10,10,10,10,10,10,10,10,10,10
tìm kiếm bản đồ chỉ đường,VND,10,0%,0%,Medium,46,,,,,,,,10,10,10,10,10,10,10,10,10,10,10,10
định vị ví trí hiện tại,VND,10,0%,0%,Low,32,520,4847,,,,,,10,10,10,10,10,10,10,10,10,10,10,10
app street view,VND,10,0%,0%,Low,1,,,,,,,,10,10,10,10,10,10,10,10,10,10,10,10
bản đồ vị trí đang ở,VND,10,0%,0%,Low,7,,,,,,,,10,10,10,10,10,10,10,10,10,10,10,10
vị trí hiện tại của tôi đang ở,VND,3600,-18%,86%,Low,1,264,1040,,,,,,3600,2400,1300,1300,1300,1600,2900,3600,5400,6600,8100,5400
cập nhật bản đồ vệ tinh mới nhất,VND,70,-29%,-64%,Low,20,776,2859,,,,,,90,90,70,70,70,50,90,70,90,70,70,50
bản đồ định vị chỉ đường,VND,20,0%,-50%,Medium,46,520,3539,,,,,,30,20,20,30,10,10,20,10,10,10,20,10
dẫn đường đi,VND,170,0%,136%,Low,5,480,1560,,,,,,90,110,90,110,90,170,210,260,260,260,260,260
định vị trí của tôi,VND,30,0%,-25%,Low,15,260,3480,,,,,,40,40,20,20,30,30,20,30,20,30,30,30
gg view,VND,30,-33%,0%,Low,0,,,,,,,,50,30,30,20,40,20,20,10,20,30,20,20
cài đặt vệ tinh,VND,20,50%,50%,Medium,40,1040,1560,,,,,,30,40,20,20,10,20,20,20,30,20,20,30
gg street view,VND,2900,0%,-45%,Low,1,520,2034,,,,,,3600,4400,3600,2900,2900,2900,2900,2400,2400,2400,2400,2400
cách chèn google map vào website,VND,10,0%,0%,Low,0,,,,,,,,10,10,10,10,20,10,10,10,10,10,10,10
thiết kế bản đồ chỉ đường,VND,20,100%,0%,Low,2,,,,,,,,10,30,20,20,10,10,10,20,20,10,20,20
phần mềm map,VND,20,0%,-50%,Low,14,,,,,,,,20,30,20,20,10,10,20,20,10,10,10,10
định vị chỗ ở hiện nay,VND,10,200%,0%,Low,32,520,2080,,,,,,20,10,10,10,10,10,10,10,10,10,30,30
cài đặt bản đồ vệ tinh,VND,50,-25%,-40%,Medium,44,1036,2859,,,,,,70,40,40,50,30,40,70,50,70,40,50,30
ảnh từ vệ tinh,VND,20,0%,0%,Low,5,,,,,,,,20,20,50,20,10,10,30,30,20,30,20,30
theo dõi qua google map,VND,10,-50%,0%,Low,23,,,,,,,,10,10,10,10,10,10,10,20,10,20,10,10
định vị nhà tôi,VND,210,23%,191%,Low,10,520,1300,,,,,,90,110,90,140,140,170,260,210,210,260,390,320
định vị chỉ đường bằng giọng nói,VND,20,-80%,0%,Medium,62,1027,2080,,,,,,10,20,10,20,20,10,20,40,20,50,10,10
ảnh vệ tinh bản đồ,VND,40,-25%,0%,Low,15,1040,4419,,,,,,40,70,90,40,40,20,20,40,40,40,20,30
bản đồ vệ tinh google earth trực tuyến,VND,10,0%,-50%,Low,8,,,,,,,,20,10,20,20,10,10,10,10,10,10,10,10
vị trí đang ở,VND,590,0%,0%,Low,7,260,849,,,,,,590,590,590,590,390,480,880,720,720,720,720,720
ban do di duong,VND,10,0%,0%,Low,27,,,,,,,,10,10,10,10,10,10,10,10,20,10,10,10
chỉ đường đi bằng giọng nói,VND,10,0%,0%,Low,27,364,1426,,,,,,10,10,10,10,10,10,10,10,10,10,10,10
tra vị trí,VND,30,-50%,-50%,Low,2,,,,,,,,30,20,20,40,30,30,30,30,30,40,30,20
cách xác định vị trí người khác qua google map,VND,10,0%,-50%,Low,29,,,,,,,,10,10,10,10,10,10,10,10,10,10,10,10
map mới,VND,70,25%,-71%,Low,2,,,,,,,,110,90,70,70,70,50,50,70,50,40,50,50
cách dùng map,VND,20,100%,-33%,Low,4,,,,,,,,30,40,20,30,20,10,20,20,10,10,30,20
sơ đồ vệ tinh,VND,10,0%,-50%,Low,30,778,1062,,,,,,10,10,10,20,10,10,10,10,10,10,20,10
vị trí hiện tại đang ở,VND,210,24%,24%,Low,7,520,1096,,,,,,320,170,140,210,140,170,170,390,260,170,210,210
chụp ảnh google map chất lượng cao,VND,10,-50%,-50%,Low,0,,,,,,,,10,10,10,20,10,10,10,20,10,20,10,10
định vị nơi mình đang ở,VND,10,0%,0%,Low,22,,,,,,,,10,10,10,10,10,10,10,10,10,10,10,10
gg máp 3d,VND,6600,-19%,-46%,Low,0,780,4679,,,,,,8100,9900,9900,8100,6600,5400,8100,5400,5400,5400,4400,4400
xác định kinh tuyến vĩ tuyến trên google map,VND,10,0%,0%,Low,10,,,,,,,,10,10,10,10,10,10,10,10,10,10,10,10
xác định vị trí,VND,320,22%,179%,Low,4,520,3492,,,,,,260,260,210,390,260,210,320,320,390,320,480,390
tìm đường đi gần nhất,VND,390,-19%,86%,Low,5,464,1491,,,,,,210,320,320,390,390,390,480,480,390,320,320,260
vị trí chính xác của tôi,VND,90,-21%,57%,Low,4,520,1844,,,,,,70,50,30,70,70,70,110,90,110,140,140,110
địa chỉ tôi đang ở,VND,320,23%,23%,Low,3,260,1274,,,,,,320,210,210,260,260,260,320,320,320,390,390,480
bản đồ độ cao,VND,70,0%,0%,Low,3,,,,,,,,70,170,210,90,50,30,50,50,50,40,40,40
cài đặt chỉ đường bằng giọng nói,VND,10,0%,0%,Medium,62,780,3114,,,,,,10,10,10,10,30,10,10,10,10,10,10,10
tìm bản đồ chỉ đường,VND,10,0%,0%,High,73,464,1486,,,,,,10,10,10,10,10,10,10,10,10,10,10,10
địa chỉ tại đây,VND,320,22%,22%,Low,1,,,,,,,,390,320,260,260,260,210,320,390,320,320,390,390
định vị chỉ đường đi,VND,30,67%,67%,Medium,40,920,1820,,,,,,20,20,30,30,20,20,30,40,20,30,10,50
định vị người khác qua google map,VND,10,0%,0%,Medium,48,1723,5199,,,,,,10,10,10,20,10,10,10,10,10,10,20,10
ban đồ chỉ đường,VND,70,0%,-44%,Medium,46,662,2080,,,,,,70,90,40,50,70,70,70,50,50,50,50,50
cài đặt bản đồ việt nam,VND,10,0%,-50%,Medium,51,1300,2770,,,,,,10,20,20,10,10,10,10,10,20,10,10,10
google earth cập nhật hình ảnh mới nhất,VND,10,100%,0%,Low,3,,,,,,,,10,10,20,20,10,10,10,10,10,10,10,20
hiển thị vị trí của tôi,VND,10,0%,50%,Low,5,,,,,,,,10,10,10,20,10,10,20,10,10,30,10,30
cách đo diện tích trên google earth,VND,40,-40%,-40%,Low,3,,,,,,,,50,50,50,40,30,30,30,30,30,50,40,30
địa chỉ ở đây,VND,1000,30%,30%,Low,0,260,1499,,,,,,1000,1000,1000,1000,1000,720,1300,1000,1000,1000,1300,1300
map vệ tinh việt nam,VND,40,40%,133%,Low,12,1040,2599,,,,,,30,40,50,70,20,10,20,10,40,50,50,70
vi chi hiện tại,VND,170,24%,50%,Low,17,260,921,,,,,,140,110,90,140,110,110,170,170,170,170,320,210
định vị của tôi,VND,1000,-19%,120%,Low,8,520,1560,,,,,,480,480,720,720,880,1000,1300,1000,1300,1600,1600,1300
bản đồ chỉ dẫn,VND,90,0%,180%,Low,12,425,1300,,,,,,40,50,30,40,50,90,90,90,90,140,170,140
bạn đồ chỉ đường,VND,70,0%,-44%,Medium,46,662,2080,,,,,,70,90,40,50,70,70,70,50,50,50,50,50
google định vị,VND,260,24%,-19%,Low,3,497,4954,,,,,,320,320,260,320,320,320,260,260,260,210,260,260
map vệ tinh map google earth,VND,10,0%,0%,Low,24,,,,,,,,10,10,10,10,20,10,10,10,20,10,0,10
định vị hiện tại của tôi,VND,140,0%,55%,Low,6,384,1040,,,,,,110,110,90,110,90,140,110,110,170,170,210,170
google street view miễn phí,VND,10,∞,0%,Low,4,,,,,,,,10,10,40,10,0,10,10,0,0,0,10,10
bản đồ vê tinh trực tuyến,VND,320,23%,-18%,Low,13,780,2080,,,,,,390,480,590,260,170,140,320,260,260,260,320,320
maps pc,VND,20,-50%,-50%,Low,0,,,,,,,,20,30,10,10,10,20,10,30,20,20,10,10
kiểm tra tắc đường trên google maps,VND,20,300%,100%,Low,1,,,,,,,,20,10,10,10,10,40,10,10,10,10,10,40
định vị ở đây,VND,110,-21%,22%,Low,9,260,780,,,,,,90,50,70,90,90,140,140,140,110,140,110,110
bản đồ vệ tinh gps,VND,30,0%,-50%,Medium,58,790,1560,,,,,,10,30,20,20,70,70,30,20,30,10,10,10
xe google,VND,170,-19%,-46%,Low,0,,,,,,,,260,170,110,170,140,170,110,170,210,260,260,210
bản đồ hình ảnh vệ tinh,VND,20,25%,400%,Low,3,,,,,,,,10,10,10,10,10,20,10,10,20,40,40,50
cách ghim vị trí trên điện thoại,VND,50,-40%,-40%,Low,3,,,,,,,,50,70,50,50,40,40,70,50,30,50,40,30
địa chỉ hiện tại của bạn,VND,90,-64%,-64%,Low,0,,,,,,,,140,90,70,90,70,70,70,90,90,140,110,50
cho biết bản đồ,VND,10,0%,0%,Low,29,,,,,,,,10,10,10,10,10,10,10,10,10,10,10,10
soi ảnh vệ tinh trực tuyến,VND,10,0%,0%,Medium,36,,,,,,,,10,10,10,10,10,10,20,10,10,10,10,10
định vị bản đồ vệ tinh,VND,10,0%,0%,Medium,46,780,1820,,,,,,20,10,10,10,10,10,10,10,10,10,20,10
vị trí tôi đang ở hiện tại,VND,40,40%,250%,Low,7,260,1043,,,,,,20,30,40,30,20,20,50,40,40,50,40,70
bản đồ đà nẵng google map,VND,210,0%,-34%,Low,1,,,,,,,,320,260,170,210,260,140,260,260,210,210,260,210
vị trí tôi đang ở,VND,1000,-21%,387%,Low,2,260,780,,,,,,390,390,390,480,720,720,1300,1600,1900,2400,1600,1900
ban đô ve tinh,VND,10,0%,0%,Low,11,,,,,,,,10,20,10,10,10,20,10,10,10,20,10,20
vị trí ở hiện tại,VND,40,40%,133%,Low,9,407,1496,,,,,,20,40,30,30,20,20,40,50,90,50,50,70
gg vệ tinh,VND,260,-19%,-35%,Low,2,780,1132,,,,,,260,260,720,170,210,170,210,210,170,210,170,170
theo dõi bằng google map,VND,10,0%,-50%,Low,29,,,,,,,,10,10,10,20,10,10,10,10,10,10,10,10
cách chỉ đường bằng giọng nói,VND,10,0%,0%,Low,14,,,,,,,,10,10,10,10,10,10,10,10,10,10,10,10
bản đồ chỉ đường có giọng nói,VND,10,0%,0%,Low,29,,,,,,,,10,30,10,10,10,10,10,10,10,10,10,10
chỉ đương,VND,8100,0%,22%,Low,6,510,1560,,,,,,6600,6600,6600,6600,6600,8100,9900,9900,9900,9900,9900,9900
bản đồ vệ tinh trực tuyến mới nhất,VND,720,0%,-18%,Low,10,780,2890,,,,,,720,720,880,590,590,480,880,590,590,590,720,590
cách xác định vị trí hiện tại,VND,20,-33%,0%,Low,19,780,1300,,,,,,20,20,10,10,20,10,10,10,10,30,10,20
map chỉ đường bằng giọng nói,VND,10,0%,-50%,Medium,59,1475,2599,,,,,,20,10,10,10,10,10,10,30,20,10,10,10
bản đồ google earth,VND,210,24%,136%,Low,1,1040,2088,,,,,,170,170,140,90,110,90,260,170,170,210,880,260
vị trí của mình,VND,390,-18%,127%,Low,3,260,1277,,,,,,260,210,210,140,170,320,480,480,590,720,590,590
bản đồ vệ tinh online,VND,110,25%,-55%,Low,15,991,2806,,,,,,140,140,260,110,110,110,260,110,30,40,50,50
vi chi,VND,170,21%,-35%,Low,10,468,1628,,,,,,210,170,140,170,140,170,210,210,170,140,170,170
định vị chỉ dẫn đường đi,VND,10,0%,0%,High,70,530,1160,,,,,,10,10,10,10,10,10,10,10,10,10,10,10
ban đ,VND,480,-19%,0%,Low,0,,,,,,,,480,480,480,480,390,390,590,590,480,480,390,390
bản đồ định vị đường đi,VND,10,0%,0%,Medium,62,790,1498,,,,,,10,10,10,10,10,20,10,10,10,10,10,10
định vị vị trí đang ở,VND,20,0%,-50%,Medium,33,260,520,,,,,,10,20,10,20,10,10,10,50,20,10,10,10
bản đồ ảnh vệ tinh,VND,10,0%,0%,Low,15,,,,,,,,10,30,10,10,10,10,10,10,20,10,20,10
google map 3d miễn phí,VND,40,-40%,50%,Low,5,,,,,,,,20,20,30,20,30,10,20,70,70,50,50,30
tìm vị trí đang ở,VND,10,0%,-33%,Low,22,520,993,,,,,,10,10,10,10,10,10,30,20,10,20,10,20
google earth trực tuyến,VND,10,0%,0%,Low,2,,,,,,,,20,20,20,10,10,20,30,10,10,10,20,10
đồ chỉ đường,VND,10,0%,0%,Low,24,,,,,,,,10,10,10,10,10,10,10,10,10,10,10,10
vị trí ở đây,VND,590,-12%,126%,Low,6,260,780,,,,,,390,390,320,320,320,390,720,880,720,1000,1000,880
tôi đang ở vị trí nào,VND,320,0%,22%,Low,3,260,1300,,,,,,320,210,260,260,210,390,320,390,390,390,480,390
đường chỉ đường,VND,10,0%,0%,Low,13,,,,,,,,10,10,10,10,10,10,10,10,10,10,10,10
vị trí của tôi đang ở,VND,210,-35%,-47%,Low,5,520,1820,,,,,,880,70,90,110,90,90,210,210,210,260,210,170
tìm vị trí tôi đang ở,VND,10,0%,0%,Low,14,,,,,,,,10,10,10,10,10,10,10,20,10,10,10,10
cài đặt ứng dụng chỉ đường,VND,10,0%,0%,High,73,994,1698,,,,,,20,10,10,20,10,10,10,10,10,10,10,10
cách đi theo định vị,VND,40,-25%,-25%,Low,16,520,1688,,,,,,40,40,40,40,50,50,50,30,40,40,30,30
định vị tôi,VND,40,-43%,0%,Low,8,,,,,,,,20,20,30,30,20,90,40,40,50,70,50,40
đo diện tích trên google earth,VND,30,-20%,33%,Low,15,584,2297,,,,,,30,30,30,20,20,10,40,40,50,50,40,40
maps vệ tinh 3d,VND,50,75%,-22%,Low,10,856,2903,,,,,,70,70,50,50,40,30,50,10,50,40,70,70
cách lấy định vị,VND,50,-29%,0%,Low,13,260,1314,,,,,,40,40,70,70,50,50,70,50,70,70,40,50
bản đồ vệ tinh cập nhật liên tục,VND,10,100%,100%,Low,5,,,,,,,,10,10,10,10,10,0,20,20,10,10,10,20
định vị tuyến đường,VND,10,0%,0%,Low,30,597,4774,,,,,,10,10,10,10,10,10,10,10,10,10,10,10
theo dõi người khác qua google map,VND,10,0%,-50%,Medium,41,2194,7389,,,,,,10,20,10,20,20,10,20,10,10,10,20,10
ban do chỉ đường,VND,1300,23%,23%,Low,2,778,2548,,,,,,1000,720,880,1300,1300,1300,1600,880,1300,1300,1300,1600
cách ghim vị trí hiện tại,VND,50,-29%,25%,Low,2,,,,,,,,40,50,10,50,20,40,30,30,90,70,50,50
tải ứng dụng bản đồ chỉ đường,VND,10,0%,0%,Medium,40,1201,2599,,,,,,10,20,10,30,10,10,10,10,20,10,10,10
lấy định vị,VND,10,100%,100%,Low,8,,,,,,,,10,20,10,10,10,10,20,10,10,10,10,20
tải bản đồ chỉ đường cho điện thoại,VND,10,0%,0%,Medium,57,1326,2859,,,,,,10,10,10,10,10,10,10,10,10,10,10,10
sơ đồ chỉ dẫn đường đi,VND,10,0%,∞,Low,7,,,,,,,,10,10,10,10,10,10,20,20,10,10,20,10
bản đồ hướng dẫn đường đi,VND,170,22%,1850%,Low,5,696,1823,,,,,,40,20,40,70,110,170,170,210,260,320,320,390
vị trí bây giờ của tôi,VND,50,22%,120%,Low,1,,,,,,,,40,40,20,20,30,50,30,50,70,90,90,110
google earth miễn phí,VND,880,-12%,49%,Low,3,561,2339,,,,,,480,720,880,880,880,720,1000,1000,1000,1000,880,880
vị trí của tôi bây giờ,VND,210,-34%,24%,Low,3,260,1565,,,,,,140,140,140,110,140,210,260,260,210,320,260,210
bản đồ chỉ đường mới nhất,VND,170,23%,540%,Low,18,780,2551,,,,,,40,40,50,70,70,110,210,260,260,260,260,320
gg 3d,VND,40,200%,-25%,Low,0,,,,,,,,50,50,40,40,30,50,30,40,30,10,30,30
ban do map,VND,590,48%,306%,Low,0,,,,,,,,390,390,390,390,390,320,590,590,720,880,1000,1300
tại bản đồ vệ tinh,VND,10,-50%,0%,Low,32,,,,,,,,10,10,10,10,10,10,10,10,10,20,20,10
vị trí của,VND,320,0%,0%,Low,1,260,1671,,,,,,320,390,320,320,320,210,390,320,320,260,320,260
vị trí hiện tại ở đây,VND,110,0%,143%,Low,5,388,781,,,,,,90,50,50,70,70,90,170,170,170,170,170,170
bản đò chỉ đường,VND,5400,22%,22%,Low,11,609,1820,,,,,,5400,5400,4400,3600,4400,6600,6600,5400,6600,5400,6600,6600
cập nhật ảnh vệ tinh mới nhất,VND,10,0%,0%,Low,15,,,,,,,,10,20,30,10,10,10,10,20,20,10,10,10
vị trí tôi đang ở hiện nay,VND,10,0%,0%,Low,0,,,,,,,,10,10,20,10,10,10,20,20,10,10,10,10
vị trí hiện tại tôi đang ở,VND,390,39%,1329%,Low,1,260,2080,,,,,,50,70,110,110,210,260,390,480,720,720,880,1000
bản đồ vệ tinh cập nhật mới nhất,VND,90,-82%,-25%,Low,25,1040,2750,,,,,,70,90,50,50,70,50,110,110,140,170,50,30
bản đồ gps vệ tinh,VND,30,0%,-33%,Medium,52,1040,2247,,,,,,30,20,30,40,30,30,40,30,20,20,10,20
vệ tinh bản đồ,VND,320,0%,0%,Low,16,708,1560,,,,,,260,320,590,480,390,260,390,390,260,260,210,260
bản đồ tìm đường đi,VND,40,-71%,-60%,Low,14,696,1193,,,,,,40,30,30,50,40,30,40,70,50,70,30,20
bàn đô,VND,20,0%,0%,Low,18,,,,,,,,10,10,10,20,20,20,10,30,20,10,20,10
bản dồ vệ tinh,VND,10,0%,0%,Low,14,,,,,,,,10,10,20,10,10,10,10,20,10,10,10,10
bản đồ định vị vệ tinh,VND,20,0%,200%,Low,12,780,1345,,,,,,10,10,10,10,10,10,10,20,40,30,40,30
tìm vị trí hiện tại,VND,90,-22%,0%,Low,16,520,1300,,,,,,90,90,70,70,50,70,110,110,110,90,70,70
bản đồ vệ tinh mới,VND,10,-50%,0%,Low,2,,,,,,,,10,10,10,10,10,10,10,30,10,20,10,10
ban đô vê tinh,VND,20,-50%,0%,Low,29,1040,3379,,,,,,10,30,20,20,10,10,10,20,10,20,20,10
bản đồ map 3d,VND,10,-100%,-100%,Unknown,,,,,,,,,10,20,10,10,10,10,10,10,10,10,10,0
vị trí chính xác,VND,50,0%,40%,Low,5,520,780,,,,,,50,40,40,40,30,30,50,50,50,70,70,70
bản đồ vệ tinh mới nhất,VND,590,-18%,0%,Low,18,780,2296,,,,,,720,390,390,390,390,390,720,720,1000,880,880,720
chị đường,VND,20,0%,50%,Low,15,530,1214,,,,,,30,20,20,20,10,20,30,20,20,30,20,30
bản đồ ve tinh,VND,10,-50%,0%,Low,17,,,,,,,,10,20,20,10,10,10,20,10,10,20,20,10
địa chỉ đang ở,VND,110,0%,27%,Low,2,,,,,,,,140,110,70,70,90,70,110,90,110,140,140,140
tai ban đo chi đuong,VND,10,0%,0%,Medium,37,,,,,,,,0,0,10,10,0,10,10,10,10,10,10,10
vị trí hiện nay,VND,40,29%,80%,Low,4,,,,,,,,20,20,30,30,20,30,30,50,40,70,40,90
bản đồ vệ,VND,10,-50%,-50%,Low,17,,,,,,,,10,10,10,10,10,10,10,10,10,20,20,10
độ cao hiện tại của tôi,VND,90,21%,55%,Low,19,850,2699,,,,,,50,50,50,50,70,110,90,90,70,140,140,170
ban đồ vệ tinh,VND,50,-29%,0%,Low,11,663,1583,,,,,,40,50,70,50,50,30,70,70,50,70,70,50
vị trí mình đang ở,VND,70,-29%,-55%,Low,13,286,780,,,,,,70,90,90,50,70,40,90,90,70,70,90,50
bản đồ map vệ tinh,VND,30,-50%,0%,Low,25,1560,2825,,,,,,20,20,20,40,40,20,50,50,90,20,20,10
bản đồ trực tuyến,VND,210,-19%,-35%,Low,9,780,2235,,,,,,260,260,260,210,210,140,210,210,170,210,210,170
xác định vị trí hiện tại,VND,50,0%,25%,Low,10,304,1866,,,,,,40,50,40,40,20,50,50,40,40,50,70,50
tải google street view,VND,10,0%,-50%,Low,0,,,,,,,,10,30,10,20,10,10,20,10,10,10,10,10
vị trí bản đồ vệ tinh,VND,10,0%,0%,Low,20,,,,,,,,10,10,10,10,10,10,10,10,10,10,10,10
vị trí đang ở hiện nay,VND,50,200%,800%,Low,3,520,792,,,,,,20,10,10,30,40,20,70,110,50,30,90,90
ban do chi duong,VND,1300,23%,23%,Low,2,778,2548,,,,,,1000,720,880,1300,1300,1300,1600,880,1300,1300,1300,1600
vi chí,VND,50,-44%,0%,Low,12,434,1560,,,,,,70,50,40,40,40,50,70,40,40,90,40,50
vị trí cụ thể của tôi,VND,110,-35%,55%,Low,1,,,,,,,,70,90,50,70,50,50,70,90,140,260,210,170
định vị vệ tinh bản đồ,VND,20,50%,0%,Medium,41,936,3298,,,,,,20,10,20,10,10,10,40,30,30,20,40,30
vị trí bạn đang ở,VND,20,0%,0%,Low,13,260,2080,,,,,,30,20,20,20,20,30,30,30,20,20,30,20
bản đồ trực tiếp từ vệ tinh,VND,10,0%,-75%,High,71,,,,,,,,30,20,30,10,10,10,10,10,0,10,10,10
tạo bản đồ,VND,90,-22%,-22%,Low,1,,,,,,,,140,90,50,90,90,50,110,90,110,90,90,70
vi trí ở đây,VND,30,33%,100%,Low,7,381,1002,,,,,,20,20,10,20,10,20,30,30,40,30,50,40
bang do ve tinh,VND,10,∞,0%,Low,2,,,,,,,,10,10,10,10,10,10,10,10,10,0,10,10
đo diện tích trên bản đồ vệ tinh,VND,10,0%,0%,High,86,,,,,,,,10,10,10,10,10,10,10,10,10,10,10,10
tìm kiếm vị trí,VND,110,0%,-18%,Medium,37,520,1935,,,,,,140,110,110,110,90,140,140,140,110,140,140,140
bản đồ định vi,VND,720,0%,-41%,Low,16,520,1820,,,,,,880,880,880,720,590,590,720,720,590,590,590,590
vi trí của bạn,VND,70,-73%,-67%,Low,2,,,,,,,,90,70,70,30,30,40,50,50,70,110,70,30
ghim định vị,VND,50,75%,40%,High,71,,,,,,,,40,50,70,70,50,50,70,70,50,40,50,70
ứng dụng bản đồ,VND,2900,50%,4665%,Low,1,780,2080,,,,,,210,210,260,390,880,1900,4400,2900,5400,5400,6600,8100
vị trí của tôi ở đây,VND,320,-88%,1000%,Low,2,,,,,,,,10,10,20,10,20,10,480,720,1300,880,260,110
định vị nơi đang ở,VND,20,-67%,-67%,Medium,35,260,828,,,,,,20,10,10,20,20,20,30,30,20,30,30,10
cách đo diện tích trên bản đồ,VND,10,0%,-50%,Low,11,,,,,,,,10,20,20,10,10,10,30,20,20,10,10,10
xe map,VND,10,0%,-50%,Low,0,,,,,,,,20,20,10,10,10,10,20,10,20,10,10,10
map giao thông,VND,70,40%,-50%,Low,11,1300,4427,,,,,,90,90,70,70,50,110,50,70,50,50,40,70
vị trí của tôi lúc này,VND,70,-43%,-56%,Low,6,,,,,,,,70,70,70,50,50,90,50,90,50,70,20,40
địa chỉ hiện tại tôi đang ở,VND,70,29%,29%,Low,3,,,,,,,,70,70,90,90,40,40,50,40,70,70,110,90
cách định vị điện thoại trên google map,VND,10,0%,0%,Low,29,,,,,,,,10,10,10,10,10,10,10,10,10,10,10,10
bản đồ trực tuyến mới nhất,VND,10,-50%,0%,Low,29,,,,,,,,10,10,20,10,10,10,20,20,10,20,20,10
bản đồ earth,VND,40,67%,0%,Low,1,,,,,,,,50,40,40,30,40,20,70,50,40,30,40,50
bản đồ trực tiếp,VND,50,-29%,25%,Low,2,,,,,,,,70,50,90,50,30,40,40,30,40,70,70,50
ứng dụng đo diện tích trên google map,VND,10,0%,0%,Medium,43,,,,,,,,20,20,20,10,10,10,10,10,10,10,10,10
bản đồ nơi tôi đang ở,VND,10,-50%,0%,Low,14,,,,,,,,10,10,10,10,10,20,10,10,20,20,10,10
chỉ đuờng,VND,10,0%,-50%,Low,7,,,,,,,,10,10,10,10,10,10,20,10,10,10,10,10
tôi đang ở tính nào,VND,70,-22%,-59%,Low,3,,,,,,,,40,90,90,90,70,90,90,50,30,90,90,70
định vị nơi ở,VND,30,33%,0%,Medium,37,260,1380,,,,,,30,30,20,20,20,30,30,30,30,30,30,40
đường chỉ dẫn,VND,20,-33%,0%,Low,23,596,1674,,,,,,20,20,20,20,20,10,20,30,30,30,30,20
vị trí tại đây,VND,320,-19%,86%,Low,5,260,520,,,,,,210,170,210,170,210,210,390,390,480,480,390,390
google tìm vị trí,VND,20,0%,100%,Low,14,520,4548,,,,,,10,10,10,10,20,10,30,20,20,20,10,20
địa chỉ chính xác của tôi,VND,90,0%,0%,Low,2,,,,,,,,70,70,50,70,70,70,90,110,110,90,110,90
vị trí định vị,VND,70,0%,-22%,Low,29,520,2350,,,,,,90,70,70,70,90,50,90,110,70,70,50,70
ứng dụng bản đồ mới nhất,VND,10,0%,0%,Low,0,,,,,,,,10,10,10,10,10,10,10,10,10,10,10,10
ứng dụng bản đồ chỉ đường,VND,20,-33%,-33%,Medium,46,842,2250,,,,,,30,20,20,20,10,10,20,30,20,30,20,20
bản đồ địa điểm,VND,50,0%,75%,Low,5,446,1040,,,,,,30,50,50,50,70,30,50,70,70,70,40,70
định vị vệ tinh,VND,110,0%,-21%,Low,24,780,3053,,,,,,140,170,140,110,110,90,170,90,110,110,110,110
logo chỉ đường,VND,30,33%,100%,Low,2,,,,,,,,30,20,30,10,20,20,30,30,30,30,40,40
bản đồ bản,VND,10,0%,-50%,Low,21,,,,,,,,10,10,20,10,10,10,10,10,20,10,10,10
map vệ tinh 3d,VND,50,75%,-22%,Low,10,856,2903,,,,,,70,70,50,50,40,30,50,10,50,40,70,70
bản đồ chỉ hướng,VND,30,-67%,-67%,Low,12,,,,,,,,40,50,20,30,30,30,30,20,20,30,20,10
tải google map vệ tinh,VND,20,100%,100%,Low,13,1300,2012,,,,,,10,40,10,10,10,10,20,30,10,10,10,20
ứng dụng vệ tinh,VND,40,100%,-20%,Medium,37,1040,2695,,,,,,70,40,50,30,20,30,70,40,30,20,20,40
định vị bản đồ việt nam,VND,320,-56%,-33%,Low,3,,,,,,,,210,210,320,320,320,210,320,260,390,590,210,260
bản đồ đi,VND,210,-47%,0%,Low,11,,,,,,,,90,170,210,480,210,210,320,260,170,170,140,90
cách xác định vị trí,VND,40,-50%,-33%,Low,28,780,3615,,,,,,40,70,40,40,30,30,50,40,40,40,20,20
cách định vị vị trí hiện tại,VND,10,-50%,0%,Low,11,,,,,,,,10,30,20,10,10,10,20,20,20,20,10,10
địa chỉ hiện tại ở đây,VND,590,129%,-19%,Low,0,,,,,,,,590,590,590,720,590,590,590,590,390,210,720,480
định vị bản đồ trên điện thoại,VND,10,0%,-50%,Medium,37,1040,2816,,,,,,10,10,10,10,10,10,10,10,10,10,10,10
gg map earth,VND,480,0%,0%,Low,0,,,,,,,,590,590,720,590,480,390,590,480,480,480,480,480
địa chỉ nhà tôi đang ở,VND,390,-19%,-19%,Low,1,520,780,,,,,,210,260,390,390,390,320,480,320,260,480,480,390
định vị đang ở,VND,20,-75%,0%,Medium,34,321,1820,,,,,,20,20,20,20,10,20,20,20,10,40,20,10
google earth vệ tinh,VND,10,200%,200%,Low,8,,,,,,,,10,10,10,10,10,10,10,10,10,10,10,30
bản đồ vệ tinh 3d,VND,590,0%,-56%,Low,7,574,2689,,,,,,720,720,590,480,480,480,720,590,390,390,390,390
bản đồ online,VND,320,-18%,52%,Low,2,379,1769,,,,,,210,260,320,260,260,210,390,390,390,390,390,320
ứng dụng tìm đường,VND,10,0%,0%,Low,14,,,,,,,,10,10,10,10,10,10,10,20,10,10,10,10
địa điểm đang ở,VND,30,-25%,-40%,Low,5,,,,,,,,50,30,20,20,20,20,30,20,30,40,40,30
định vị vị trí của bạn,VND,30,400%,25%,Low,29,780,2165,,,,,,30,30,10,40,40,30,30,30,20,10,30,50
app chỉ đường đi,VND,20,0%,-67%,Medium,40,928,1626,,,,,,40,30,30,30,30,20,30,10,10,10,30,10
map 3d google earth,VND,10,0%,0%,Low,2,,,,,,,,10,10,10,10,10,10,20,20,10,10,10,10
định vị điện thoại bằng google map,VND,10,-100%,-100%,Unknown,,,,,,,,,10,10,10,10,10,10,10,10,10,10,10,0
bản đồ chỉ đường bằng giọng nói,VND,20,0%,100%,Medium,40,1016,1820,,,,,,20,10,10,10,20,40,20,10,30,20,10,20
chỉ đường đi bằng xe máy,VND,10,0%,0%,Low,5,,,,,,,,10,10,10,10,10,10,10,10,10,10,10,10
app bản đồ,VND,1000,50%,1312%,Low,1,762,3358,,,,,,110,140,90,320,390,590,1000,1300,1900,1600,1900,2400
tải bản đồ ngoại tuyến,VND,70,-36%,-22%,Low,19,520,1591,,,,,,70,70,50,70,50,50,50,70,70,110,90,70
coi vệ tinh trực tiếp,VND,30,100%,-50%,Low,11,1040,3181,,,,,,50,30,110,20,20,20,30,10,20,10,30,20
google ơt,VND,170,-21%,22%,Low,1,,,,,,,,170,210,170,170,210,140,170,170,110,140,140,110
phần mềm bản đồ,VND,30,0%,-25%,Low,6,,,,,,,,40,40,40,40,30,30,40,20,50,30,30,30
dụng google earth,VND,10,0%,-89%,Low,0,,,,,,,,90,50,10,10,10,10,10,0,10,10,0,10
phần mềm vệ tinh trực tuyến,VND,10,0%,-50%,Medium,48,1027,1820,,,,,,10,20,20,10,10,10,40,10,10,10,20,10
định vị vị trí tôi đang ở,VND,10,100%,100%,Low,21,260,704,,,,,,10,10,10,10,10,10,10,10,10,10,10,20
ban do 3d,VND,40,25%,150%,Low,2,,,,,,,,30,40,20,30,20,20,40,30,20,40,90,50
định vị số điện thoại qua google map,VND,720,0%,306%,Low,9,2339,9358,,,,,,210,260,210,210,390,590,720,880,1300,1300,1900,1300
bản đồ 3d,VND,720,-33%,-18%,Low,12,1300,4240,,,,,,480,720,880,720,720,480,880,720,880,880,590,590
tìm vị trí của bạn,VND,10,200%,200%,Low,8,,,,,,,,10,20,20,20,10,10,10,10,20,10,10,30
bản do ve tinh,VND,20,-50%,-50%,Low,13,,,,,,,,30,30,20,20,20,10,30,20,20,20,20,10
ảnh chụp vệ tinh,VND,40,-40%,-57%,Low,8,,,,,,,,70,50,50,30,20,20,50,30,30,50,40,30
bảng do,VND,260,0%,0%,Low,15,520,2729,,,,,,210,260,260,260,210,210,320,210,210,210,210,210
đang ở vị trí nào,VND,110,-22%,-73%,Low,9,364,776,,,,,,140,140,110,110,70,260,110,110,110,90,90,70
bản do,VND,9900,0%,-18%,Low,5,425,1560,,,,,,9900,12100,9900,9900,8100,6600,9900,9900,8100,8100,8100,8100
ứng dụng bản đồ vệ tinh mới nhất,VND,10,-50%,-50%,Medium,40,991,2260,,,,,,20,10,0,10,10,10,20,10,10,20,10,10
cài đặt định vị dẫn đường,VND,10,0%,0%,High,68,2106,4388,,,,,,10,10,0,20,10,0,10,10,10,10,10,10
map cho xe máy,VND,50,40%,75%,Medium,41,398,4113,,,,,,50,30,30,40,50,50,50,50,50,50,50,70
ban đo vê tinh,VND,20,-50%,0%,Low,29,1040,3379,,,,,,10,30,20,20,10,10,10,20,10,20,20,10
ứng dụng chỉ đường,VND,2400,50%,4614%,Low,1,928,2892,,,,,,170,170,140,390,590,1000,2400,2900,4400,4400,4400,6600
map địa hình,VND,260,0%,860%,Low,0,,,,,,,,50,40,50,70,170,170,260,320,320,480,480,480
app tìm đường,VND,10,100%,100%,Low,31,597,1560,,,,,,10,10,10,10,10,10,10,10,10,10,10,20
ảnh chụp vệ tinh mới nhất,VND,40,150%,67%,Low,22,566,3379,,,,,,30,50,50,20,30,20,40,40,50,20,40,50
chỉ đường xe máy,VND,20,50%,50%,Medium,41,796,4561,,,,,,20,20,20,10,20,20,20,30,20,20,20,30
tìm số điện thoại qua google map,VND,10,0%,0%,High,71,,,,,,,,10,10,10,10,10,10,10,10,10,10,10,10
bảng chỉ đường,VND,320,0%,-19%,Low,29,,,,,,,,320,390,320,320,320,210,390,260,260,260,260,260
định vị điện thoại trên google map,VND,10,0%,0%,Low,14,,,,,,,,10,10,10,10,10,10,10,10,10,10,10,10
cách cập nhật ảnh vệ tinh mới nhất,VND,20,-50%,-67%,Low,0,,,,,,,,50,30,20,20,30,20,30,20,20,20,10,10
chỉ đường về thái bình,VND,90,0%,180%,Low,1,,,,,,,,30,50,40,30,50,140,110,140,110,140,140,140
chụp ảnh từ vệ tinh,VND,10,0%,0%,Low,29,,,,,,,,10,10,10,10,10,10,10,10,10,10,10,10
hình ảnh vệ tinh trực tuyến,VND,20,0%,-50%,Low,0,,,,,,,,40,10,70,10,10,10,10,10,10,10,10,10
cách xác định vị trí gps,VND,10,0%,0%,Low,17,,,,,,,,0,10,10,10,10,0,10,10,20,10,10,10
hình ảnh trực tiếp từ vệ tinh,VND,10,0%,-50%,High,71,,,,,,,,40,20,30,10,10,10,10,10,10,10,10,10
cài đặt định vị đường đi,VND,20,-50%,-50%,Medium,53,1274,1988,,,,,,20,10,20,10,30,10,20,10,10,20,10,10
bản đồ điều hướng,VND,10,-50%,-50%,Medium,38,520,2052,,,,,,20,30,20,10,10,10,10,10,10,20,10,10
cách định vị nơi ở,VND,10,0%,0%,Low,0,,,,,,,,10,10,10,10,10,10,0,10,10,10,10,10
google earth mới nhất,VND,20,-50%,-50%,Low,3,,,,,,,,10,20,20,20,10,20,20,20,20,20,10,10
áp chỉ đường,VND,70,22%,57%,Medium,38,936,2059,,,,,,50,40,90,70,70,70,70,90,70,90,70,110
ban do online,VND,10,0%,-50%,Low,0,,,,,,,,20,10,10,10,10,10,10,10,20,10,10,10
chi dan duong,VND,10,0%,0%,Low,26,,,,,,,,10,10,10,10,10,10,10,10,10,10,10,10
bang chi duong,VND,30,0%,200%,Low,0,,,,,,,,10,50,20,40,90,10,20,20,30,30,40,30
google era,VND,10,0%,0%,Low,0,,,,,,,,0,10,10,10,10,10,10,10,10,10,10,10
địa chỉ mình đang ở,VND,20,-33%,-33%,Low,2,,,,,,,,20,20,20,20,20,20,20,20,10,30,10,20
ứng dụng tìm đường trên điện thoại,VND,10,0%,0%,Medium,44,1300,3558,,,,,,10,10,10,10,10,10,10,10,10,10,10,10
tìm kiếm vị trí của tôi,VND,30,-33%,-50%,Low,13,,,,,,,,20,30,20,10,20,10,40,50,40,30,20,20
bản đồ trực tuyến vệ tinh,VND,20,0%,-50%,Low,19,,,,,,,,40,30,10,10,40,20,30,20,20,10,10,10
bản đồ vệ tinh thời gian thực,VND,50,25%,-29%,Low,16,1223,4651,,,,,,90,90,110,50,30,20,140,40,30,40,20,50
địa chỉ hiện tại đang ở,VND,30,33%,33%,Low,6,520,780,,,,,,30,50,20,20,30,20,40,30,30,30,30,40
app ban do,VND,10,0%,0%,Medium,36,,,,,,,,10,10,10,10,10,10,10,10,10,10,10,10
phần mềm bản đồ vệ tinh,VND,10,0%,0%,Medium,57,,,,,,,,10,10,20,20,0,10,10,10,10,10,10,10
cách biết vị trí của mình,VND,20,50%,-40%,Low,16,365,1040,,,,,,30,20,20,10,10,10,40,20,20,20,20,30
định vị tại đây,VND,70,29%,80%,Low,11,260,780,,,,,,50,50,40,50,50,70,90,90,70,70,90,90
app bản đồ chỉ đường,VND,10,100%,100%,Medium,35,696,4588,,,,,,10,30,10,10,20,10,10,10,10,10,20,20
hiện tại tôi đang ở vị trí nào,VND,50,-22%,-22%,Low,8,520,1389,,,,,,70,30,30,20,30,50,40,50,50,90,70,70
tìm số điện thoại trên google map,VND,10,0%,0%,Low,25,,,,,,,,20,10,10,10,10,10,10,10,20,10,10,10
maps ho chi minh,VND,260,23%,23%,Low,1,,,,,,,,260,210,210,210,260,170,260,260,210,260,260,320
đo diện tích trên bản đồ,VND,20,50%,0%,Medium,43,714,2936,,,,,,30,20,10,20,20,10,10,10,30,20,10,30
vệ tinh 3d,VND,20,50%,50%,Low,13,1061,5240,,,,,,30,20,30,10,20,20,30,30,20,20,20,30
map 3d việt nam,VND,30,-50%,-67%,Low,0,,,,,,,,40,30,40,40,30,20,50,20,20,20,10,10
cách tìm địa chỉ,VND,20,0%,-50%,Low,8,,,,,,,,20,10,10,30,20,30,20,10,20,20,10,20
cách chụp vị trí trên google map,VND,10,0%,0%,Medium,35,1040,2983,,,,,,20,20,10,20,10,10,10,10,20,10,10,10
bando chi duong,VND,5400,22%,22%,Low,11,609,1820,,,,,,5400,5400,4400,3600,4400,6600,6600,5400,6600,5400,6600,6600
bản đồ thời gian thực,VND,40,150%,150%,Low,16,935,2917,,,,,,30,50,50,40,30,10,90,40,30,20,30,50
earth web,VND,40,40%,250%,Low,0,,,,,,,,30,20,30,40,40,30,40,40,70,50,30,70
google map nào tốt nhất,VND,10,0%,0%,Low,21,,,,,,,,10,10,10,10,10,10,10,10,10,10,20,10
bản đồ vệ tinh trực tuyến việt nam,VND,40,-78%,-50%,Low,0,,,,,,,,50,50,30,30,30,10,30,50,40,90,50,20
bản đồ chỉ đường chính xác nhất,VND,10,0%,0%,Medium,42,1398,4016,,,,,,10,30,10,10,10,10,10,20,30,10,10,10
maps đà nẵng,VND,1300,0%,0%,Low,1,431,1105,,,,,,1300,1300,1300,1000,1000,880,1300,1000,1300,1300,1300,1300
tìm đường đi tphcm,VND,260,23%,129%,Low,2,365,1560,,,,,,210,260,260,210,110,110,170,260,390,390,390,480
google map tìm số điện thoại,VND,10,0%,0%,Medium,39,1590,2255,,,,,,10,50,10,10,10,10,10,10,10,10,10,10
google earth 2,VND,10,0%,∞,Low,0,,,,,,,,10,10,0,10,10,10,0,0,0,10,10,10
bản đồ chỉ dẫn đường đi,VND,720,23%,1355%,Low,2,566,1911,,,,,,90,70,50,170,320,590,720,720,1000,1300,1300,1600
bản đồ chỉ dẫn đường,VND,50,-20%,0%,Medium,45,517,1685,,,,,,50,40,40,50,30,40,70,70,30,50,50,40
map chỉ đường xe máy,VND,20,-50%,0%,Medium,40,,,,,,,,20,10,10,20,20,20,10,20,30,20,10,10
maps tphcm,VND,2900,22%,22%,Low,0,520,2320,,,,,,3600,2900,2900,2900,2900,1600,3600,2900,3600,3600,3600,4400
cách xác định vị trí mình đang ở,VND,10,0%,0%,Low,29,,,,,,,,10,10,10,10,10,10,10,10,10,10,10,10
kiểm tra vị trí,VND,20,0%,0%,Low,3,,,,,,,,20,10,20,10,20,20,30,20,20,30,20,30
bản đồ chỉ đường chuẩn nhất,VND,10,-50%,0%,Low,32,1040,2859,,,,,,10,10,20,10,10,10,10,20,20,20,30,10
bang đo,VND,110,22%,-21%,Medium,60,357,1591,,,,,,140,140,140,110,90,90,90,110,110,90,90,110
app vẽ bản đồ trên điện thoại,VND,30,-33%,-71%,Low,2,,,,,,,,50,70,40,20,30,20,20,40,30,30,30,20
phần mềm vẽ bản đồ đường đi trên điện thoại,VND,10,0%,-67%,Low,0,,,,,,,,20,20,20,20,10,10,20,20,10,10,10,10
ứng dụng bản đồ vệ tinh,VND,50,33%,-20%,Medium,40,780,2340,,,,,,50,70,50,40,40,50,70,50,30,30,40,40
bản đồ chi duong việt nam,VND,140,-18%,27%,Low,10,495,2154,,,,,,110,110,170,210,110,140,140,140,170,170,140,140
bản đồ hướng dẫn đi đường,VND,10,∞,0%,High,68,,,,,,,,10,0,10,10,10,0,10,10,10,0,10,10
cách xác định vị trí của mình,VND,10,0%,0%,Low,23,,,,,,,,10,10,10,10,10,10,10,10,10,10,10,10
ảnh vệ tinh online,VND,10,0%,0%,Low,7,,,,,,,,20,20,20,10,10,10,40,10,10,10,10,10
bản đồ xe máy,VND,40,33%,-20%,Low,7,,,,,,,,40,40,30,50,30,70,50,40,40,30,30,40
ứng dụng chỉ đường đi,VND,10,100%,100%,Medium,53,995,2175,,,,,,10,10,10,20,10,10,10,30,20,10,20,20
phần mềm vệ tinh,VND,10,0%,0%,Medium,34,1040,3475,,,,,,20,20,20,10,10,10,10,10,10,10,10,10
cách tính diện tích trên bản đồ,VND,10,0%,-50%,Low,20,,,,,,,,10,20,20,10,10,10,20,10,10,10,10,10
bản đồ to,VND,10,0%,0%,Medium,66,,,,,,,,10,10,10,10,10,10,10,10,10,10,10,10
google map cho xe tải,VND,30,-25%,0%,Low,31,862,3184,,,,,,20,50,20,30,30,10,50,50,40,40,30,30
bản đồ định vị gps,VND,20,0%,0%,Medium,45,935,3974,,,,,,20,20,20,10,10,10,10,10,20,10,10,10
cách tìm số điện thoại trên google map,VND,10,0%,0%,Medium,37,2652,13428,,,,,,10,10,10,10,10,10,10,10,10,10,10,10
bản đồ dẫn đường đi,VND,20,-50%,-50%,Medium,52,920,2003,,,,,,20,10,20,10,30,30,90,20,10,20,20,10
bản đồ gps,VND,260,23%,860%,Low,7,1040,3379,,,,,,90,90,90,90,110,210,320,390,590,390,480,480
thiết kế bản đồ,VND,50,0%,-40%,Low,1,,,,,,,,50,90,90,50,70,20,30,50,30,30,30,30
bản đồ chính xác nhất,VND,10,0%,0%,Medium,55,1300,3043,,,,,,10,10,10,10,10,10,10,10,10,10,20,10
google map gò vấp,VND,40,-33%,-50%,Low,0,,,,,,,,40,50,50,70,30,20,40,40,30,30,30,20
định vị trí,VND,110,0%,0%,Low,25,260,2080,,,,,,70,70,170,140,140,170,110,90,110,70,90,70
map chỉ đường cho xe máy,VND,10,0%,-50%,Low,25,,,,,,,,20,20,10,10,10,10,10,10,10,10,10,10
phần mềm chỉ đường trên điện thoại,VND,10,-50%,0%,High,67,,,,,,,,10,10,10,10,10,10,10,10,20,20,10,10
ban đo vệ tinh viet nam trực tuyến,VND,10,0%,-50%,Low,18,,,,,,,,10,10,10,10,10,10,10,10,10,10,10,10
bản đồ việt nam vệ tinh,VND,140,-21%,-21%,Low,1,,,,,,,,170,170,170,140,110,140,170,170,140,140,110,110
định vị bằng google,VND,20,-33%,0%,Low,13,,,,,,,,30,40,10,20,20,10,20,20,30,30,20,20
hình ảnh vệ tinh,VND,590,85%,-19%,Low,5,708,3119,,,,,,880,720,1000,480,320,210,590,720,390,260,390,480
ảnh vệ tinh cập nhật mới nhất,VND,10,0%,-75%,Low,7,,,,,,,,20,20,20,10,10,10,10,10,10,10,10,10
hình ảnh vệ tinh mới nhất,VND,50,-20%,-56%,Low,17,920,3477,,,,,,140,50,70,40,40,30,70,70,50,50,70,40
vị của tôi,VND,260,0%,129%,Low,1,515,1134,,,,,,110,110,110,170,170,170,480,480,390,320,320,320
định vị điện thoại qua google map,VND,10,100%,100%,Medium,46,2112,8563,,,,,,10,20,10,20,10,10,10,10,10,10,10,20
quy nhơn map,VND,260,0%,50%,Low,0,,,,,,,,210,210,320,170,170,260,320,320,320,390,390,390
bản đồ giao thông trực tuyến,VND,40,-50%,-89%,Low,12,,,,,,,,90,70,50,50,50,70,30,20,20,20,20,10
định vị số điện thoại trên google map,VND,20,0%,0%,High,71,2567,6851,,,,,,10,70,10,10,10,10,70,10,10,10,10,10
ảnh vệ tinh trực tuyến,VND,20,0%,0%,Low,14,,,,,,,,40,70,70,20,10,10,20,10,10,10,10,10
hiện tại tôi đang ở,VND,50,0%,40%,Low,4,,,,,,,,40,40,40,40,30,40,50,50,50,70,90,70
toa độ,VND,6600,0%,-19%,Low,1,943,3457,,,,,,6600,8100,8100,9900,6600,4400,9900,9900,8100,4400,3600,4400
maps hcm,VND,1600,81%,21%,Low,0,,,,,,,,1900,1600,1300,1300,1300,880,1600,1300,1600,1600,1900,2900
ứng dụng vẽ đường đi trên bản đồ,VND,10,0%,0%,Low,24,,,,,,,,10,10,10,10,10,10,10,10,10,10,10,10
chỉ đường cho xe máy,VND,10,-50%,-50%,Medium,64,,,,,,,,10,10,10,10,10,10,10,10,10,20,20,10
app chỉ dẫn đường,VND,10,-75%,0%,Medium,64,1300,3187,,,,,,10,10,10,10,10,10,10,10,10,40,30,10
key google map,VND,10,-50%,0%,Low,14,,,,,,,,10,20,10,10,10,10,20,10,10,20,10,10
ảnh vệ tinh mới nhất,VND,260,0%,0%,Low,15,780,2358,,,,,,320,210,260,210,140,140,390,320,390,320,320,320
app bản đồ vệ tinh,VND,20,0%,0%,Low,18,780,2175,,,,,,20,20,50,40,20,10,30,10,20,10,20,10
ảnh vệ tinh thời gian thực,VND,50,0%,133%,Low,17,750,3935,,,,,,50,50,40,30,20,20,110,50,50,70,50,70
hình ảnh vệ tinh trực tiếp,VND,1300,23%,60%,Low,3,520,3045,,,,,,2400,1900,2400,720,320,320,480,880,1300,1300,1600,1600
ban do ve tinh moi nhat,VND,10,0%,0%,Low,13,,,,,,,,10,10,10,10,10,10,10,10,10,10,10,10
tải bản đồ chỉ đường bằng giọng nói,VND,10,0%,0%,Medium,41,1011,1560,,,,,,10,10,20,10,10,10,10,10,10,10,10,10
định vị vị trí của mình,VND,10,0%,0%,Low,29,,,,,,,,10,10,10,10,10,10,10,10,10,10,10,10
ban do gps,VND,10,0%,0%,Low,30,895,2469,,,,,,10,10,10,10,10,10,10,10,10,10,10,10
app chỉ đường,VND,170,0%,-19%,Medium,37,885,3002,,,,,,170,170,140,170,170,210,210,140,210,170,170,170
map bình thuận,VND,110,0%,-50%,Low,0,,,,,,,,140,110,110,140,110,110,170,170,140,70,50,70
tìm vị trí số điện thoại qua google map,VND,10,0%,0%,High,76,1300,4159,,,,,,10,10,10,10,10,10,10,10,10,10,10,10
bảng hướng dẫn chỉ đường,VND,20,200%,50%,Low,16,,,,,,,,30,10,10,20,20,10,20,10,20,10,20,30
bản đồ định vị việt nam,VND,10,0%,0%,Medium,36,,,,,,,,10,10,20,10,10,10,10,10,10,10,10,10
theo dõi vị trí điện thoại qua google map,VND,10,100%,100%,Medium,39,1560,8058,,,,,,10,10,10,10,10,10,10,10,10,10,10,20
bản đồ chỉ đường giao thông,VND,10,0%,0%,Medium,54,,,,,,,,10,10,10,10,10,10,20,10,10,10,10,10
định vị số điện thoại bằng google map,VND,10,0%,0%,High,70,1325,4159,,,,,,10,10,10,10,10,10,10,10,10,10,10,10
bản đồ theo dõi,VND,10,0%,0%,Medium,36,,,,,,,,10,10,10,10,10,10,10,10,10,10,10,10
app vệ tinh,VND,40,0%,-40%,Low,25,778,2636,,,,,,50,40,90,40,30,20,50,50,30,30,30,30
google map xe tải,VND,20,0%,100%,Low,29,887,3605,,,,,,10,10,30,30,20,20,20,30,10,20,10,20
đà nẵng map,VND,880,-12%,22%,Low,0,227,802,,,,,,720,880,590,590,590,720,1000,880,1000,1000,880,880
google earth full,VND,10,0%,0%,Low,5,,,,,,,,10,10,10,10,10,10,10,10,10,10,10,10
bản đồ chi tiết,VND,70,0%,-22%,Low,7,379,2080,,,,,,70,90,70,70,70,50,90,70,90,70,90,70
bản đồ giao thông,VND,320,181%,51%,Low,13,520,2599,,,,,,390,390,390,320,320,390,320,320,320,210,210,590
bản đồ đi xe máy,VND,20,200%,0%,Low,31,520,2257,,,,,,10,20,20,20,20,20,30,30,20,10,20,30
dẫn đường,VND,880,30%,81%,Low,7,497,1426,,,,,,590,590,590,590,590,880,1000,1000,1000,1000,1000,1300
bản đồ địa cầu,VND,170,-18%,0%,Medium,40,,,,,,,,140,210,140,170,210,140,210,170,170,170,210,140
ứng dụng chỉ đường bằng giọng nói,VND,10,0%,0%,High,67,,,,,,,,10,10,10,10,10,10,10,10,10,10,10,10
ứng dụng tìm địa chỉ nhà,VND,10,0%,0%,Low,18,,,,,,,,10,10,10,10,10,10,10,10,10,10,10,10
vệ tinh định vị,VND,20,0%,-50%,Medium,46,374,2859,,,,,,10,40,40,30,10,20,20,20,20,10,20,10
bản đồ chỉ đường xe máy,VND,10,0%,0%,Low,27,,,,,,,,10,20,20,20,10,10,30,20,20,10,10,10
google earth bản mới nhất,VND,10,0%,0%,Low,10,,,,,,,,10,10,10,10,10,10,10,20,10,10,10,10
ứng dụng bản đồ số,VND,20,0%,-50%,Low,17,,,,,,,,70,20,30,10,10,10,20,10,20,10,10,10
bản đồ vệ tinh viêt nam,VND,10,0%,0%,Low,0,,,,,,,,10,10,10,10,10,10,10,10,10,10,10,10
vệ tinh trực tuyến,VND,90,67%,-44%,Low,3,,,,,,,,140,110,260,70,50,40,90,90,40,30,20,50
google earth web pro,VND,10,0%,∞,Low,7,,,,,,,,0,0,0,10,0,0,10,0,10,10,10,10
cách định vị số điện thoại trên google map,VND,20,0%,-67%,Medium,51,2164,9639,,,,,,10,20,20,10,10,10,10,10,50,10,20,10
cách định vị số điện thoại bằng google map,VND,20,0%,-67%,Medium,40,3982,15268,,,,,,20,10,20,70,40,30,20,10,10,10,10,10
sử dụng vị trí chính xác,VND,10,0%,0%,Low,0,,,,,,,,10,10,10,10,10,10,10,10,10,10,10,10
google map định vị số điện thoại,VND,20,-67%,-50%,High,76,1820,8589,,,,,,10,40,20,30,10,10,10,20,20,30,10,10
vệ tinh mới nhất,VND,20,-33%,0%,Low,13,780,1040,,,,,,30,20,20,10,10,20,30,20,20,30,20,20
bản đồ đường đi việt nam,VND,20,100%,100%,Low,28,,,,,,,,20,20,10,10,10,20,20,30,10,10,20,20
theo dõi điện thoại qua google map,VND,10,0%,0%,Medium,43,,,,,,,,10,20,10,10,10,10,10,10,10,10,10,10
ứng dụng bản đồ chỉ đường tốt nhất,VND,10,0%,0%,Medium,43,,,,,,,,10,10,10,10,0,10,10,10,10,10,10,10
vệ tinh online,VND,90,67%,-55%,Low,8,1296,2478,,,,,,170,140,320,50,40,40,70,50,50,30,50,50
ứng dụng chỉ dẫn đường,VND,10,0%,0%,Medium,66,680,1497,,,,,,10,10,10,10,10,10,10,10,10,10,10,10
bản đồ hướng,VND,140,0%,0%,Low,2,,,,,,,,170,210,170,140,110,140,140,140,170,110,140,110
bản đồ việt nam chỉ đường,VND,10,100%,0%,Low,17,,,,,,,,10,10,10,10,10,10,10,10,10,10,10,20
bản đồ vệ tinh việt nam mới nhất,VND,40,25%,150%,Low,11,655,2620,,,,,,40,40,20,30,30,40,40,50,50,40,30,50
ứng dụng đi đường,VND,20,-50%,0%,Medium,59,991,2339,,,,,,20,10,20,10,10,20,20,10,20,20,10,10
cách định vị số điện thoại qua google map,VND,10,0%,0%,Medium,56,1789,4679,,,,,,20,10,10,10,10,10,10,10,10,10,10,10
tìm vị trí số điện thoại trên google map,VND,260,0%,-56%,Medium,62,2011,7798,,,,,,390,320,390,390,320,320,260,260,260,140,170,140
bản đồ việt nam chỉ đường đi,VND,10,0%,0%,Low,0,,,,,,,,10,10,10,10,10,10,10,10,10,10,10,10
dẫn đường xe máy,VND,20,-50%,-50%,High,89,,,,,,,,10,20,20,10,10,10,10,10,10,20,50,10
app chỉ đường bằng giọng nói,VND,10,0%,0%,Medium,57,,,,,,,,10,10,10,10,10,10,10,10,10,10,10,10
map earth pro,VND,40,40%,75%,Low,5,933,2859,,,,,,50,40,30,40,40,30,30,30,40,50,70,70
cách định vị vị trí của mình,VND,20,100%,100%,Low,19,1040,2406,,,,,,20,30,10,20,20,10,10,20,10,10,30,20
cách tìm vị trí số điện thoại trên google map,VND,20,100%,0%,Medium,60,1769,5711,,,,,,30,20,20,10,10,10,10,10,20,10,20,20
tai ban do ve tinh,VND,10,0%,0%,Medium,36,1300,3899,,,,,,10,20,20,10,10,0,20,10,10,10,10,10
tải bản đồ google earth,VND,10,0%,0%,Low,10,,,,,,,,10,10,10,10,10,10,10,10,10,10,10,10
bản đồ việt nam từ vệ tinh,VND,40,0%,150%,Low,5,,,,,,,,20,30,50,20,40,40,50,50,20,50,50,50
ứng dụng chỉ đường chính xác nhất,VND,30,150%,67%,Medium,52,1028,3299,,,,,,40,30,10,50,40,70,20,20,20,20,20,50
app chi duong,VND,170,0%,-19%,Medium,37,885,3002,,,,,,170,170,140,170,170,210,210,140,210,170,170,170
tìm đường đi trên bản đồ,VND,90,50%,50%,Low,11,520,1040,,,,,,170,320,170,210,110,50,30,40,20,20,20,30
vệ tinh bản đồ việt nam,VND,30,-25%,0%,Low,9,,,,,,,,30,20,30,20,20,20,50,50,50,40,30,30
bản đồ vệ tinh 3d việt nam,VND,10,0%,0%,Medium,52,,,,,,,,10,10,20,10,10,10,10,10,10,10,10,10
bản đồ chỉ đường tốt nhất,VND,10,0%,0%,Medium,57,,,,,,,,10,10,10,10,10,10,10,10,10,10,10,10
chỉ đường gps,VND,10,0%,0%,Low,29,,,,,,,,10,10,10,10,10,10,10,10,10,10,10,10
các app chỉ đường,VND,10,0%,0%,Low,16,,,,,,,,10,10,10,10,10,10,10,10,10,10,10,10
bản đồ hành tinh,VND,70,29%,0%,Low,4,,,,,,,,70,70,50,70,70,70,70,70,90,70,90,90
bản đồ những nơi đã đi,VND,20,-50%,-67%,Low,0,,,,,,,,10,10,20,20,20,10,10,10,20,20,20,10
ứng dụng dẫn đường,VND,20,-50%,0%,Medium,49,398,780,,,,,,20,20,10,20,20,30,20,30,30,20,10,10
cài google earth,VND,140,-36%,-18%,Low,17,905,1306,,,,,,110,170,170,110,140,40,170,140,140,140,170,90
ảnh vệ tinh trực tiếp,VND,480,-33%,-46%,Low,7,920,3929,,,,,,1000,1000,720,210,210,170,320,480,590,480,480,320
bản đồ chỉ đường đi xe máy tphcm,VND,390,0%,182%,Low,6,780,3639,,,,,,170,210,210,260,320,320,480,480,590,480,480,480
app bản đồ 3d,VND,40,-25%,-57%,Low,18,780,2588,,,,,,50,50,50,50,30,20,40,50,40,40,40,30
bản đồ chỉ đường cho xe máy,VND,10,0%,100%,Medium,35,1210,3369,,,,,,10,10,10,10,20,10,20,10,10,20,10,20
tải về google earth,VND,30,-50%,-86%,Low,13,,,,,,,,30,20,20,40,30,10,30,20,30,20,20,10
google map trung quốc,VND,50,67%,0%,Low,9,1598,31658,,,,,,70,50,70,40,40,20,70,70,40,30,50,50
bản đồ số nhà,VND,10,0%,0%,Low,4,,,,,,,,10,10,10,10,10,10,10,10,10,10,20,10
gps chỉ đường,VND,20,0%,50%,Medium,51,920,2101,,,,,,20,20,30,30,30,20,30,30,10,30,20,30
ứng dụng chỉ đường tốt nhất,VND,40,0%,150%,Medium,52,1203,3180,,,,,,20,20,20,10,20,30,40,50,50,50,50,50
bản đồ vệ tinh việt nam,VND,480,-19%,-34%,Low,9,520,1820,,,,,,480,720,590,590,390,260,480,390,590,480,390,390
ứng dụng gps trên bản đồ,VND,10,0%,0%,Low,19,,,,,,,,0,0,10,10,10,10,0,10,10,10,10,10
bản đồ đồ,VND,10,0%,0%,Low,19,,,,,,,,10,10,10,10,10,0,10,10,10,10,10,10
gps bản đồ,VND,10,0%,0%,Low,6,,,,,,,,10,10,10,10,10,10,10,10,10,10,10,10
tải google earth mới nhất,VND,20,100%,100%,Low,20,889,1802,,,,,,10,10,10,10,10,10,10,90,10,10,10,20
phần mềm vẽ sơ đồ đường đi,VND,10,0%,0%,Low,0,,,,,,,,10,10,10,10,10,10,10,10,10,10,0,10
bản đồ toàn cầu,VND,70,29%,200%,Low,7,,,,,,,,50,70,50,40,70,30,90,70,40,70,50,90
chỉ đường giao thông,VND,10,-50%,0%,Medium,40,829,2599,,,,,,10,10,10,20,10,20,10,10,20,20,10,10
phần mềm google earth,VND,140,-35%,-21%,Low,21,600,1531,,,,,,170,170,140,140,140,90,170,140,170,170,140,110
tải ứng dụng chỉ đường bằng giọng nói,VND,10,0%,0%,Medium,51,1094,2316,,,,,,10,10,10,10,20,10,10,10,10,10,10,10
ứng dụng bản đồ tốt nhất,VND,10,0%,0%,Low,0,,,,,,,,10,10,10,10,10,10,10,10,10,10,0,10
hội an map,VND,1300,23%,23%,Low,6,1498,36986,,,,,,880,1000,1000,1300,1600,1300,1900,1900,1600,1300,1300,1600
phần mềm bản đồ vệ tinh tốt nhất,VND,10,0%,0%,Medium,56,991,3249,,,,,,10,10,10,10,10,10,10,10,10,10,10,10
map thanh hóa,VND,1300,-12%,-32%,Low,0,,,,,,,,1300,1300,1300,1300,1300,880,1600,1600,1600,1000,1000,880
tìm đường tphcm,VND,40,-71%,-71%,Low,0,,,,,,,,40,40,40,40,40,20,20,50,70,70,20,20
google earth tải miễn phí,VND,10,0%,0%,Low,25,,,,,,,,20,10,10,10,10,10,10,10,10,10,10,10
phần mềm chỉ đường,VND,880,50%,2567%,Low,2,762,2952,,,,,,70,50,90,260,390,720,1000,880,1300,1600,2900,2400
maps trung quốc,VND,390,0%,23%,Low,11,1844,21835,,,,,,480,390,390,320,320,260,480,480,480,480,480,480
công cụ tìm đường gps,VND,10,0%,-50%,High,71,,,,,,,,10,10,10,20,10,10,10,10,10,10,10,10
địa cầu 3d,VND,50,-20%,0%,Low,12,,,,,,,,50,90,50,40,70,40,90,50,40,50,70,40
bộ cài google earth,VND,50,-20%,-20%,Low,15,889,1196,,,,,,70,30,40,40,40,10,50,50,50,50,50,40
google google earth pro,VND,12100,0%,0%,Low,6,887,1253,,,,,,12100,14800,14800,12100,12100,6600,14800,12100,12100,12100,12100,12100
earth google pro,VND,12100,0%,0%,Low,6,887,1253,,,,,,12100,14800,14800,12100,12100,6600,14800,12100,12100,12100,12100,12100
app bản đồ tốt nhất,VND,10,0%,0%,Low,7,,,,,,,,10,10,10,10,10,10,10,10,10,10,10,10
google earth tải,VND,140,57%,-21%,Low,11,390,1439,,,,,,170,170,170,140,140,70,140,140,140,70,90,110
tải google earth về máy tính,VND,40,-25%,-25%,Low,17,618,1486,,,,,,40,30,70,70,20,10,40,40,40,40,40,30
bản đồ xe,VND,20,0%,-33%,Low,3,,,,,,,,20,10,20,20,20,30,20,20,20,20,20,20
tải google earth miễn phí,VND,90,0%,-36%,Low,13,600,1211,,,,,,90,90,110,110,110,70,70,90,70,70,70,70
cài đặt google earth,VND,210,-19%,-35%,Low,24,599,1373,,,,,,210,210,210,210,210,90,260,210,210,210,210,170
mua vị trí trên google map,VND,10,0%,0%,Low,0,,,,,,,,10,10,10,10,10,10,10,10,10,10,10,10